[
  {
    "baslik": "2015 Model 2. El Ford Focus 1.6 Ti-VCT Style - 195500 KM",
    "fiyat": "133.200 TL",
    "adres": "İstanbul / Beykoz / Kavacık",
    "ilan_no": "#2795791",
    "ilan_tarihi": "22/03/2021",
    "marka": "Ford",
    "model": "Focus",
    "varyant": "1.6 Ti-VCT Style",
    "model_yili": "2015",
    "kilometre": "195.500",
    "yakit_turu": "Benzin",
    "vites_tipi": "Otomatik Vites",
    "motor_hacmi": "1301-1600 cc",
    "motor_gucu": "101-125 BG",
    "kimden": "Araba.com'dan"
  },
  {
    "baslik": "2016 A180dAMG MAKYAJLI KASA CAM TAVAN XENON KEYLES SERVİSBAKIML Mercedes - Benz A Serisi A 180 d AMG",
    "fiyat": "325.950 TL",
    "adres": "İzmir / Buca / Şirinyer",
    "ilan_no": "#3870263",
    "ilan_tarihi": "21/03/2021",
    "marka": "Mercedes",
    "model": "A Serisi",
    "varyant": "A 180 d AMG",
    "model_yili": "2016",
    "kilometre": "41.541",
    "yakit_turu": "Dizel",
    "vites_tipi": "Yarı Otomatik Vites",
    "motor_hacmi": "1301-1600 cc",
    "motor_gucu": "Bilmiyorum",
    "kimden": "Galeriden"
  },
  {
    "baslik": "Özsağlam dan 2017 Mercedes A180 CDI Style 102binde Siyah Boyasız Mercedes - Benz A Serisi A 180 CDI BlueEfficiency Style",
    "fiyat": "242.000 TL",
    "adres": "Konya / Karatay / Merkez",
    "ilan_no": "#294428",
    "ilan_tarihi": "21/03/2021",
    "marka": "Mercedes",
    "model": "A Serisi",
    "varyant": "A 180 CDI BlueEfficiency Style",
    "model_yili": "2017",
    "kilometre": "102.000",
    "yakit_turu": "Dizel",
    "vites_tipi": "Otomatik Vites",
    "motor_hacmi": "1301-1600 cc",
    "motor_gucu": "Bilmiyorum",
    "kimden": "Galeriden"
  },
  {
    "baslik": "EROĞLU 0.KM 2020 MERCEDES A180d TECHNOLOGY CAMTAVAN DERİ XENON Mercedes - Benz A Serisi A 180 d Style",
    "fiyat": "440.000 TL",
    "adres": "Adana / Seyhan / Yeşiloba",
    "ilan_no": "#3503014",
    "ilan_tarihi": "21/03/2021",
    "marka": "Mercedes",
    "model": "A Serisi",
    "varyant": "Diğer",
    "model_yili": "2020",
    "kilometre": "0",
    "yakit_turu": "Dizel",
    "vites_tipi": "Yarı Otomatik Vites",
    "motor_hacmi": "1301-1600 cc",
    "motor_gucu": "Bilmiyorum",
    "kimden": "Galeriden"
  },
  {
    "baslik": "A180 CDI BlueEFFICIENCY URBAN.. DEĞİŞENSİZ-İÇİ BEJ-OTOMATİK.. Mercedes - Benz A Serisi A 180 CDI BlueEfficiency Urban",
    "fiyat": "239.250 TL",
    "adres": "İstanbul / Kadıköy / Merkez",
    "ilan_no": "#2259580",
    "ilan_tarihi": "21/03/2021",
    "marka": "Mercedes",
    "model": "A Serisi",
    "varyant": "A 180 CDI BlueEfficiency Urban",
    "model_yili": "2014",
    "kilometre": "160.000",
    "yakit_turu": "Dizel",
    "vites_tipi": "Yarı Otomatik Vites",
    "motor_hacmi": "1301-1600 cc",
    "motor_gucu": "Bilmiyorum",
    "kimden": "Galeriden"
  },
  {
    "baslik": "AZİM OTOMOTİV DEN İLK SAHİBİN DEN 2016 A 180 d AMG 90.000 KM DE Mercedes - Benz A Serisi A 180 d AMG",
    "fiyat": "303.750 TL",
    "adres": "Denizli / Merkezefendi / Merkez",
    "ilan_no": "#1923116",
    "ilan_tarihi": "21/03/2021",
    "marka": "Mercedes",
    "model": "A Serisi",
    "varyant": "A 180 d AMG",
    "model_yili": "2016",
    "kilometre": "91.000",
    "yakit_turu": "Dizel",
    "vites_tipi": "Yarı Otomatik Vites",
    "motor_hacmi": "1301-1600 cc",
    "motor_gucu": "Bilmiyorum",
    "kimden": "Galeriden"
  },
  {
    "baslik": "NEVZATOTO-57000KM-MERCEDES A180 CDI STYLE-YETKİLİ SERVİS BAKIMLI Mercedes - Benz A Serisi A 180 d Style",
    "fiyat": "278.000 TL",
    "adres": "İstanbul / Bahçelievler / Merkez",
    "ilan_no": "#792477",
    "ilan_tarihi": "21/03/2021",
    "marka": "Mercedes",
    "model": "A Serisi",
    "varyant": "Diğer",
    "model_yili": "2017",
    "kilometre": "57.000",
    "yakit_turu": "Dizel",
    "vites_tipi": "Yarı Otomatik Vites",
    "motor_hacmi": "1300 cc ve altı",
    "motor_gucu": "Bilmiyorum",
    "kimden": "Galeriden"
  },
  {
    "baslik": "ÖZGÜVEN OTODAN 2015 A180 AMG SPORT 1.6 CAM TAVAN Mercedes - Benz A Serisi A 180 AMG Sport",
    "fiyat": "289.000 TL",
    "adres": "Kocaeli / Gebze",
    "ilan_no": "#2440377",
    "ilan_tarihi": "21/03/2021",
    "marka": "Mercedes",
    "model": "A Serisi",
    "varyant": "A 180 AMG Sport",
    "model_yili": "2015",
    "kilometre": "122.000",
    "yakit_turu": "Benzin",
    "vites_tipi": "Yarı Otomatik Vites",
    "motor_hacmi": "1301-1600 cc",
    "motor_gucu": "Bilmiyorum",
    "kimden": "Galeriden"
  },
  {
    "baslik": "YÜCELOĞLU OTOMOTİV DEN HATA BOYA DEĞİŞEN YOK AMG Mercedes - Benz A Serisi A 180 CDI BlueEfficiency AMG",
    "fiyat": "254.000 TL",
    "adres": "Tekirdağ / Çorlu / Köyler",
    "ilan_no": "#3502367",
    "ilan_tarihi": "21/03/2021",
    "marka": "Mercedes",
    "model": "A Serisi",
    "varyant": "A 180 CDI BlueEfficiency AMG",
    "model_yili": "2014",
    "kilometre": "155.000",
    "yakit_turu": "Dizel",
    "vites_tipi": "Yarı Otomatik Vites",
    "motor_hacmi": "1301-1600 cc",
    "motor_gucu": "Bilmiyorum",
    "kimden": "Galeriden"
  },
  {
    "baslik": "2016 ORJİNAL 70 BİN KM GARANTİLİ A 180 CDİ BLUE EFFİCİENCY STLYE Mercedes - Benz A Serisi A 180 CDI BlueEfficiency Style",
    "fiyat": "228.850 TL",
    "adres": "İstanbul / Pendik / Bahçelievler",
    "ilan_no": "#4461517",
    "ilan_tarihi": "21/03/2021",
    "marka": "Mercedes",
    "model": "A Serisi",
    "varyant": "A 180 CDI BlueEfficiency Style",
    "model_yili": "2016",
    "kilometre": "70.000",
    "yakit_turu": "Dizel",
    "vites_tipi": "Yarı Otomatik Vites",
    "motor_hacmi": "1301-1600 cc",
    "motor_gucu": "Bilmiyorum",
    "kimden": "Galeriden"
  },
  {
    "baslik": "2013 MERCEDES A180 STYLE CAM TAVANLI 75.000 KM HATASIZ Mercedes - Benz A Serisi A 180 Style",
    "fiyat": "233.000 TL",
    "adres": "İstanbul / Bağcılar",
    "ilan_no": "#1883829",
    "ilan_tarihi": "21/03/2021",
    "marka": "Mercedes",
    "model": "A Serisi",
    "varyant": "A 180 Style",
    "model_yili": "2013",
    "kilometre": "75.000",
    "yakit_turu": "Benzin",
    "vites_tipi": "Yarı Otomatik Vites",
    "motor_hacmi": "1300 cc ve altı",
    "motor_gucu": "Bilmiyorum",
    "kimden": "Galeriden"
  },
  {
    "baslik": "PARK AUTO DAN 178.000 KM OTOMATİK A150 Mercedes - Benz A Serisi A 150 Polarstar",
    "fiyat": "104.999 TL",
    "adres": "Konya / Karatay / Karatay",
    "ilan_no": "#832596",
    "ilan_tarihi": "21/03/2021",
    "marka": "Mercedes",
    "model": "A Serisi",
    "varyant": "A 150 Polarstar",
    "model_yili": "2007",
    "kilometre": "178.000",
    "yakit_turu": "Benzin/LPG",
    "vites_tipi": "Yarı Otomatik Vites",
    "motor_hacmi": "1301-1600 cc",
    "motor_gucu": "Bilmiyorum",
    "kimden": "Galeriden"
  },
  {
    "baslik": "BOYASIZ HATASIZ 2016 MERCEDES A180d AMG 75.600KM DE CAM TAVAN Mercedes - Benz A Serisi A 180 d AMG",
    "fiyat": "306.500 TL",
    "adres": "İzmir / Buca / Buca",
    "ilan_no": "#1218883",
    "ilan_tarihi": "21/03/2021",
    "marka": "Mercedes",
    "model": "A Serisi",
    "varyant": "A 180 d AMG",
    "model_yili": "2016",
    "kilometre": "76.500",
    "yakit_turu": "Dizel",
    "vites_tipi": "Yarı Otomatik Vites",
    "motor_hacmi": "1301-1600 cc",
    "motor_gucu": "Bilmiyorum",
    "kimden": "Galeriden"
  },
  {
    "baslik": "ULAŞ AUTO DAN 2015 MERCEDES A180 CDI AMG HATASIZ BOYASIZ Mercedes - Benz A Serisi A 180 CDI BlueEfficiency AMG",
    "fiyat": "262.950 TL",
    "adres": "İstanbul / Bağcılar",
    "ilan_no": "#3453861",
    "ilan_tarihi": "21/03/2021",
    "marka": "Mercedes",
    "model": "A Serisi",
    "varyant": "A 180 CDI BlueEfficiency AMG",
    "model_yili": "2015",
    "kilometre": "138.000",
    "yakit_turu": "Dizel",
    "vites_tipi": "Yarı Otomatik Vites",
    "motor_hacmi": "1301-1600 cc",
    "motor_gucu": "Bilmiyorum",
    "kimden": "Galeriden"
  },
  {
    "baslik": "2013 A 180 STYLE 40.000 KM DE HATASIZ-BOYASIZ HASAR KAYITSIZ Mercedes - Benz A Serisi A 180 Style",
    "fiyat": "227.000 TL",
    "adres": "İstanbul / Bağcılar / Bağcılar",
    "ilan_no": "#4643213",
    "ilan_tarihi": "21/03/2021",
    "marka": "Mercedes",
    "model": "A Serisi",
    "varyant": "A 180 Style",
    "model_yili": "2013",
    "kilometre": "40.000",
    "yakit_turu": "Benzin",
    "vites_tipi": "Yarı Otomatik Vites",
    "motor_hacmi": "1300 cc ve altı",
    "motor_gucu": "Bilmiyorum",
    "kimden": "Galeriden"
  },
  {
    "baslik": "DÜZEN AUTO AUTOPİA 2020 A180d AMG TEKNOLOJİ PLUS HAFIZA COMMAND Mercedes - Benz A Serisi A 180 d AMG",
    "fiyat": "452.500 TL",
    "adres": "İstanbul / Esenyurt / Esenyurt",
    "ilan_no": "#3912328",
    "ilan_tarihi": "21/03/2021",
    "marka": "Mercedes",
    "model": "A Serisi",
    "varyant": "A 180 d AMG",
    "model_yili": "2020",
    "kilometre": "6.000",
    "yakit_turu": "Dizel",
    "vites_tipi": "Yarı Otomatik Vites",
    "motor_hacmi": "1301-1600 cc",
    "motor_gucu": "Bilmiyorum",
    "kimden": "Galeriden"
  },
  {
    "baslik": "CARMIX MOTORS 2015 MERCEDES BENZ A180 CDI AMG Mercedes - Benz A Serisi A 180 CDI BlueEfficiency AMG",
    "fiyat": "269.000 TL",
    "adres": "İstanbul / Beşiktaş / Etiler",
    "ilan_no": "#2305052",
    "ilan_tarihi": "21/03/2021",
    "marka": "Mercedes",
    "model": "A Serisi",
    "varyant": "A 180 CDI BlueEfficiency AMG",
    "model_yili": "2015",
    "kilometre": "95.900",
    "yakit_turu": "Dizel",
    "vites_tipi": "Yarı Otomatik Vites",
    "motor_hacmi": "1301-1600 cc",
    "motor_gucu": "Bilmiyorum",
    "kimden": "Galeriden"
  },
  {
    "baslik": "GARAGE 2017 MERCEDES BENZ A 200 AMG CAM TAVAN KAMERA Mercedes - Benz A Serisi A 200 BlueEfficiency AMG",
    "fiyat": "335.000 TL",
    "adres": "İstanbul / Beykoz / Beykoz",
    "ilan_no": "#1809488",
    "ilan_tarihi": "21/03/2021",
    "marka": "Mercedes",
    "model": "A Serisi",
    "varyant": "A 200 BlueEfficiency AMG",
    "model_yili": "2017",
    "kilometre": "41.009",
    "yakit_turu": "Benzin",
    "vites_tipi": "Yarı Otomatik Vites",
    "motor_hacmi": "1301-1600 cc",
    "motor_gucu": "Bilmiyorum",
    "kimden": "Galeriden"
  },
  {
    "baslik": "Özsağlam dan 2017 Mercedes A180 CDI Style 93binde Beyaz Boyasız Mercedes - Benz A Serisi A 180 CDI BlueEfficiency Style",
    "fiyat": "257.000 TL",
    "adres": "Konya / Karatay / Merkez",
    "ilan_no": "#1656574",
    "ilan_tarihi": "21/03/2021",
    "marka": "Mercedes",
    "model": "A Serisi",
    "varyant": "A 180 CDI BlueEfficiency Style",
    "model_yili": "2017",
    "kilometre": "93.500",
    "yakit_turu": "Dizel",
    "vites_tipi": "Otomatik Vites",
    "motor_hacmi": "1301-1600 cc",
    "motor_gucu": "Bilmiyorum",
    "kimden": "Galeriden"
  },
  {
    "baslik": "EMEFE MOTORS 2016 A180d AMG 7G-DCT C. TAVN KARBON G.GÖRÜŞ 116 HP Mercedes - Benz A Serisi A 180 d AMG",
    "fiyat": "299.900 TL",
    "adres": "İstanbul / Sultanbeyli / Necipfazıl",
    "ilan_no": "#4443610",
    "ilan_tarihi": "21/03/2021",
    "marka": "Mercedes",
    "model": "A Serisi",
    "varyant": "A 180 d AMG",
    "model_yili": "2016",
    "kilometre": "138.000",
    "yakit_turu": "Dizel",
    "vites_tipi": "Yarı Otomatik Vites",
    "motor_hacmi": "1301-1600 cc",
    "motor_gucu": "Bilmiyorum",
    "kimden": "Galeriden"
  },
  {
    "baslik": "2011 Model 2. El Renault Kangoo Multix 1.5 dCi Authentique - 266814 KM",
    "fiyat": "69.000 TL",
    "adres": "İstanbul / Beykoz / Kavacık",
    "ilan_no": "#4339378",
    "ilan_tarihi": "19/01/2021",
    "marka": "Renault",
    "model": "Kangoo Multix",
    "varyant": "1.5 dCi Authentique",
    "model_yili": "2011",
    "kilometre": "266.814",
    "yakit_turu": "Dizel",
    "vites_tipi": "Düz Vites",
    "motor_hacmi": "1601-1800 cc",
    "motor_gucu": "126-150 BG",
    "kimden": "Araba.com'dan"
  },
  {
    "baslik": "2016 MERCEDES A180 D AMG HATASIZ-BOYASIZ-TRAMERSİZ Mercedes - Benz A Serisi A 180 d AMG",
    "fiyat": "299.000 TL",
    "adres": "Trabzon / Akçaabat / Söğütlü",
    "ilan_no": "#4422963",
    "ilan_tarihi": "21/03/2021",
    "marka": "Mercedes",
    "model": "A Serisi",
    "varyant": "A 180 d AMG",
    "model_yili": "2016",
    "kilometre": "82.000",
    "yakit_turu": "Dizel",
    "vites_tipi": "Yarı Otomatik Vites",
    "motor_hacmi": "1301-1600 cc",
    "motor_gucu": "Bilmiyorum",
    "kimden": "Galeriden"
  },
  {
    "baslik": "VEFA-2016 MODEL MERCEDES A 180 BLUEEFFICIENCY AMG 7G-DTC Mercedes - Benz A Serisi A 180 AMG Sport",
    "fiyat": "326.900 TL",
    "adres": "Denizli / Merkezefendi / Merkez",
    "ilan_no": "#4777448",
    "ilan_tarihi": "21/03/2021",
    "marka": "Mercedes",
    "model": "A Serisi",
    "varyant": "A 180 AMG Sport",
    "model_yili": "2016",
    "kilometre": "34.000",
    "yakit_turu": "Benzin",
    "vites_tipi": "Yarı Otomatik Vites",
    "motor_hacmi": "1301-1600 cc",
    "motor_gucu": "Bilmiyorum",
    "kimden": "Galeriden"
  },
  {
    "baslik": "2O2O-MODEL 9OO-KM DE A-18O BLACKART BEJ-DERİ KAMERA IŞIK-PAKET F Mercedes - Benz A Serisi A 180 Progressive",
    "fiyat": "439.900 TL",
    "adres": "Adana / Seyhan / Yeşiloba",
    "ilan_no": "#3952821",
    "ilan_tarihi": "21/03/2021",
    "marka": "Mercedes",
    "model": "A Serisi",
    "varyant": "Diğer",
    "model_yili": "2020",
    "kilometre": "900",
    "yakit_turu": "Benzin",
    "vites_tipi": "Yarı Otomatik Vites",
    "motor_hacmi": "1301-1600 cc",
    "motor_gucu": "Bilmiyorum",
    "kimden": "Galeriden"
  },
  {
    "baslik": "CİVAN 2015 MERCEDES-BENZ A180 CDI AMG C.TAV-BOYASIZ-18 -HATASIZ Mercedes - Benz A Serisi A 180 CDI BlueEfficiency AMG",
    "fiyat": "278.950 TL",
    "adres": "İstanbul / Avcılar",
    "ilan_no": "#4420263",
    "ilan_tarihi": "21/03/2021",
    "marka": "Mercedes",
    "model": "A Serisi",
    "varyant": "A 180 CDI BlueEfficiency AMG",
    "model_yili": "2015",
    "kilometre": "77.000",
    "yakit_turu": "Dizel",
    "vites_tipi": "Yarı Otomatik Vites",
    "motor_hacmi": "1301-1600 cc",
    "motor_gucu": "Bilmiyorum",
    "kimden": "Galeriden"
  },
  {
    "baslik": "EKSTRA DERİ KOLTUK AKILLI ANAHTAR SUNROOF ÖZELLİKLİ OTOMATİK VİT Mercedes - Benz A Serisi A 180 d Style",
    "fiyat": "307.000 TL",
    "adres": "Ordu / Ordu",
    "ilan_no": "#424581",
    "ilan_tarihi": "21/03/2021",
    "marka": "Mercedes",
    "model": "A Serisi",
    "varyant": "Diğer",
    "model_yili": "2017",
    "kilometre": "46.875",
    "yakit_turu": "Dizel",
    "vites_tipi": "Otomatik Vites",
    "motor_hacmi": "1300 cc ve altı",
    "motor_gucu": "Bilmiyorum",
    "kimden": "Galeriden"
  },
  {
    "baslik": "2015 BOYASIZ A 180 CDI STYLE 7 G-DCT XENON CM TVN İLKELDEN Mercedes - Benz A Serisi A 180 CDI BlueEfficiency Style",
    "fiyat": "287.500 TL",
    "adres": "Gaziantep / Şehitkamil",
    "ilan_no": "#878261",
    "ilan_tarihi": "21/03/2021",
    "marka": "Mercedes",
    "model": "A Serisi",
    "varyant": "A 180 CDI BlueEfficiency Style",
    "model_yili": "2015",
    "kilometre": "42.000",
    "yakit_turu": "Dizel",
    "vites_tipi": "Yarı Otomatik Vites",
    "motor_hacmi": "1301-1600 cc",
    "motor_gucu": "Bilmiyorum",
    "kimden": "Galeriden"
  },
  {
    "baslik": "45 BİN PEŞİNATLA DİZEL OTOMATİK 2015 Mercedes - Benz A Serisi A 180 CDI BlueEfficiency Style",
    "fiyat": "220.900 TL",
    "adres": "Düzce / Merkez / Merkez",
    "ilan_no": "#3792309",
    "ilan_tarihi": "21/03/2021",
    "marka": "Mercedes",
    "model": "A Serisi",
    "varyant": "A 180 CDI BlueEfficiency Style",
    "model_yili": "2015",
    "kilometre": "145.000",
    "yakit_turu": "Dizel",
    "vites_tipi": "Yarı Otomatik Vites",
    "motor_hacmi": "1301-1600 cc",
    "motor_gucu": "Bilmiyorum",
    "kimden": "Galeriden"
  },
  {
    "baslik": "2014 MODEL MERCEDES A180 AMG HATASIZ-BOYASIZ-TRAMERSİZ Mercedes - Benz A Serisi A 180 AMG Sport",
    "fiyat": "258.000 TL",
    "adres": "Zonguldak / Merkez / Merkez",
    "ilan_no": "#1730879",
    "ilan_tarihi": "21/03/2021",
    "marka": "Mercedes",
    "model": "A Serisi",
    "varyant": "A 180 AMG Sport",
    "model_yili": "2014",
    "kilometre": "75.000",
    "yakit_turu": "Benzin",
    "vites_tipi": "Yarı Otomatik Vites",
    "motor_hacmi": "1301-1600 cc",
    "motor_gucu": "Bilmiyorum",
    "kimden": "Galeriden"
  },
  {
    "baslik": "KENT AUTO 2016 MODEL A 180d GECE PAKETİ CAM TAVAN RECARO KOLTUK Mercedes - Benz A Serisi A 180 d AMG",
    "fiyat": "255.000 TL",
    "adres": "Şanlıurfa / Şanlıurfa / Karaköprü",
    "ilan_no": "#4561054",
    "ilan_tarihi": "21/03/2021",
    "marka": "Mercedes",
    "model": "A Serisi",
    "varyant": "A 180 d AMG",
    "model_yili": "2016",
    "kilometre": "75.500",
    "yakit_turu": "Dizel",
    "vites_tipi": "Yarı Otomatik Vites",
    "motor_hacmi": "1301-1600 cc",
    "motor_gucu": "Bilmiyorum",
    "kimden": "Galeriden"
  },
  {
    "baslik": "HATASIZ-DEĞİŞENSİZ 2016 MAKYAJLI KASA A180d AMG 56.000 Km Mercedes - Benz A Serisi A 180 d AMG",
    "fiyat": "309.500 TL",
    "adres": "Aydın / Nazilli / Merkez",
    "ilan_no": "#2645387",
    "ilan_tarihi": "21/03/2021",
    "marka": "Mercedes",
    "model": "A Serisi",
    "varyant": "A 180 d AMG",
    "model_yili": "2016",
    "kilometre": "56.000",
    "yakit_turu": "Dizel",
    "vites_tipi": "Yarı Otomatik Vites",
    "motor_hacmi": "1301-1600 cc",
    "motor_gucu": "Bilmiyorum",
    "kimden": "Galeriden"
  },
  {
    "baslik": "DS CAR DAN 2014 MODEL A180 BENZİN OTOMATİK URBAN Mercedes - Benz A Serisi A 180 Urban",
    "fiyat": "197.500 TL",
    "adres": "İstanbul / Bağcılar / Bağcılar",
    "ilan_no": "#3134290",
    "ilan_tarihi": "21/03/2021",
    "marka": "Mercedes",
    "model": "A Serisi",
    "varyant": "A 180 Urban",
    "model_yili": "2014",
    "kilometre": "58.000",
    "yakit_turu": "Benzin",
    "vites_tipi": "Yarı Otomatik Vites",
    "motor_hacmi": "1301-1600 cc",
    "motor_gucu": "Bilmiyorum",
    "kimden": "Galeriden"
  },
  {
    "baslik": "SIFIR HATA BOYASIZ HATASIZ 2013 AMG BEYAZ İNCİ Mercedes - Benz A Serisi A 180 AMG Sport",
    "fiyat": "258.500 TL",
    "adres": "Antalya / Kepez / Erenköy",
    "ilan_no": "#1631064",
    "ilan_tarihi": "21/03/2021",
    "marka": "Mercedes",
    "model": "A Serisi",
    "varyant": "A 180 AMG Sport",
    "model_yili": "2013",
    "kilometre": "112.470",
    "yakit_turu": "Benzin",
    "vites_tipi": "Yarı Otomatik Vites",
    "motor_hacmi": "1301-1600 cc",
    "motor_gucu": "Bilmiyorum",
    "kimden": "Galeriden"
  },
  {
    "baslik": "MERCEDES-BENZ A180 AMG SPORT CAM TAVAN FULL BAKIMLI Mercedes - Benz A Serisi A 180 AMG Sport",
    "fiyat": "232.000 TL",
    "adres": "İzmir / Gaziemir / Gaziemir",
    "ilan_no": "#630576",
    "ilan_tarihi": "21/03/2021",
    "marka": "Mercedes",
    "model": "A Serisi",
    "varyant": "A 180 AMG Sport",
    "model_yili": "2013",
    "kilometre": "148.000",
    "yakit_turu": "Benzin",
    "vites_tipi": "Yarı Otomatik Vites",
    "motor_hacmi": "1301-1600 cc",
    "motor_gucu": "Bilmiyorum",
    "kimden": "Galeriden"
  },
  {
    "baslik": "2017 MERCEDES-BENZ A 180 D AMG ANINDA KREDİ İLE Mercedes - Benz A Serisi A 180 d AMG",
    "fiyat": "268.000 TL",
    "adres": "İstanbul / Kartal / Soğanlık",
    "ilan_no": "#2523625",
    "ilan_tarihi": "21/03/2021",
    "marka": "Mercedes",
    "model": "A Serisi",
    "varyant": "A 180 d AMG",
    "model_yili": "2017",
    "kilometre": "62.000",
    "yakit_turu": "Dizel",
    "vites_tipi": "Yarı Otomatik Vites",
    "motor_hacmi": "1301-1600 cc",
    "motor_gucu": "Bilmiyorum",
    "kimden": "Galeriden"
  },
  {
    "baslik": "DAK AUTO DAN 2016 MERCEDES-BENZ A 180 CDI Mercedes - Benz A Serisi A 180 CDI BlueEfficiency Urban",
    "fiyat": "254.500 TL",
    "adres": "İstanbul / Esenyurt / Esenyurt",
    "ilan_no": "#364713",
    "ilan_tarihi": "21/03/2021",
    "marka": "Mercedes",
    "model": "A Serisi",
    "varyant": "A 180 CDI BlueEfficiency Urban",
    "model_yili": "2016",
    "kilometre": "125.000",
    "yakit_turu": "Dizel",
    "vites_tipi": "Yarı Otomatik Vites",
    "motor_hacmi": "1301-1600 cc",
    "motor_gucu": "Bilmiyorum",
    "kimden": "Galeriden"
  },
  {
    "baslik": "2012 MERCEDES-BENZ A 180 URBAN CAM TAVAN OTOMATİK 127.000 KMDE Mercedes - Benz A Serisi A 180 Urban",
    "fiyat": "209.950 TL",
    "adres": "İstanbul / Bağcılar / Mahmutbey",
    "ilan_no": "#3275028",
    "ilan_tarihi": "21/03/2021",
    "marka": "Mercedes",
    "model": "A Serisi",
    "varyant": "A 180 Urban",
    "model_yili": "2012",
    "kilometre": "127.000",
    "yakit_turu": "Benzin",
    "vites_tipi": "Yarı Otomatik Vites",
    "motor_hacmi": "1300 cc ve altı",
    "motor_gucu": "Bilmiyorum",
    "kimden": "Galeriden"
  },
  {
    "baslik": "2015 A 180 CDİ AMG GECE PAKETİ KIRMIZI 43.500 Km de Mercedes - Benz A Serisi A 180 CDI BlueEfficiency AMG",
    "fiyat": "299.900 TL",
    "adres": "Denizli / Merkezefendi / Merkez",
    "ilan_no": "#1718526",
    "ilan_tarihi": "21/03/2021",
    "marka": "Mercedes",
    "model": "A Serisi",
    "varyant": "A 180 CDI BlueEfficiency AMG",
    "model_yili": "2015",
    "kilometre": "43.500",
    "yakit_turu": "Dizel",
    "vites_tipi": "Yarı Otomatik Vites",
    "motor_hacmi": "1301-1600 cc",
    "motor_gucu": "Bilmiyorum",
    "kimden": "Galeriden"
  },
  {
    "baslik": "2017 A 180 d AMG 35.000 Km de KÖR NOKTA-ŞERİT TAKİP Mercedes - Benz A Serisi A 180 d AMG",
    "fiyat": "329.000 TL",
    "adres": "Denizli / Merkezefendi / Merkez",
    "ilan_no": "#3729154",
    "ilan_tarihi": "21/03/2021",
    "marka": "Mercedes",
    "model": "A Serisi",
    "varyant": "A 180 d AMG",
    "model_yili": "2017",
    "kilometre": "35.000",
    "yakit_turu": "Dizel",
    "vites_tipi": "Yarı Otomatik Vites",
    "motor_hacmi": "1301-1600 cc",
    "motor_gucu": "Bilmiyorum",
    "kimden": "Galeriden"
  },
  {
    "baslik": "2020 A 180d AMG SEDAN TEKNOLOJİPLUS PANORAMİK MBUX GERİGÖRÜŞ Mercedes - Benz A Serisi A 180 d AMG",
    "fiyat": "489.500 TL",
    "adres": "İstanbul / Kadıköy / Göztepe",
    "ilan_no": "#2022973",
    "ilan_tarihi": "05/02/2021",
    "marka": "Mercedes",
    "model": "A Serisi",
    "varyant": "A 180 d AMG",
    "model_yili": "2020",
    "kilometre": "100",
    "yakit_turu": "Dizel",
    "vites_tipi": "Yarı Otomatik Vites",
    "motor_hacmi": "1301-1600 cc",
    "motor_gucu": "Bilmiyorum",
    "kimden": "Galeriden"
  },
  {
    "baslik": "İLK EL YENİ KASA A180 AMG SPORT BOYASIZ ÖZEL RENK 49.BİN KM Mercedes - Benz A Serisi A 180 AMG Sport",
    "fiyat": "292.750 TL",
    "adres": "Gaziantep / Şehitkamil / Merkez",
    "ilan_no": "#2711544",
    "ilan_tarihi": "05/02/2021",
    "marka": "Mercedes",
    "model": "A Serisi",
    "varyant": "A 180 AMG Sport",
    "model_yili": "2015",
    "kilometre": "49.000",
    "yakit_turu": "Benzin",
    "vites_tipi": "Yarı Otomatik Vites",
    "motor_hacmi": "1301-1600 cc",
    "motor_gucu": "Bilmiyorum",
    "kimden": "Galeriden"
  },
  {
    "baslik": "2013 MERCEDES A 180 AMG SPORT PANORAMİK GERİGÖRÜŞ CRUISE F1 Mercedes - Benz A Serisi A 180 AMG Sport",
    "fiyat": "242.500 TL",
    "adres": "İstanbul / Kadıköy / Göztepe",
    "ilan_no": "#955021",
    "ilan_tarihi": "15/02/2021",
    "marka": "Mercedes",
    "model": "A Serisi",
    "varyant": "A 180 AMG Sport",
    "model_yili": "2013",
    "kilometre": "166.919",
    "yakit_turu": "Benzin",
    "vites_tipi": "Yarı Otomatik Vites",
    "motor_hacmi": "1301-1600 cc",
    "motor_gucu": "Bilmiyorum",
    "kimden": "Galeriden"
  },
  {
    "baslik": "FALCON MOTORSDAN LED PAKET GERİ GÖRÜŞLÜ KAMERALI A180 Mercedes - Benz A Serisi A 180 Style",
    "fiyat": "204.900 TL",
    "adres": "İstanbul / Pendik / Merkez",
    "ilan_no": "#189733",
    "ilan_tarihi": "05/02/2021",
    "marka": "Mercedes",
    "model": "A Serisi",
    "varyant": "A 180 Style",
    "model_yili": "2012",
    "kilometre": "193.000",
    "yakit_turu": "Benzin",
    "vites_tipi": "Otomatik Vites",
    "motor_hacmi": "1300 cc ve altı",
    "motor_gucu": "Bilmiyorum",
    "kimden": "Galeriden"
  },
  {
    "baslik": "2020 MERCEDES A 180 STYLE TECHNOLOGY PLUS PANORAMIC 900 KM Mercedes - Benz A Serisi A 180 d Style",
    "fiyat": "409.500 TL",
    "adres": "İstanbul / Kadıköy / Göztepe",
    "ilan_no": "#4539383",
    "ilan_tarihi": "15/02/2021",
    "marka": "Mercedes",
    "model": "A Serisi",
    "varyant": "Diğer",
    "model_yili": "2020",
    "kilometre": "900",
    "yakit_turu": "Dizel",
    "vites_tipi": "Yarı Otomatik Vites",
    "motor_hacmi": "1301-1600 cc",
    "motor_gucu": "Bilmiyorum",
    "kimden": "Galeriden"
  },
  {
    "baslik": "2013 MERCEDES A 180 URBAN 7G-DCT GERİGÖRÜŞ CRUISE BLUETOOTH Mercedes - Benz A Serisi A 180 Urban",
    "fiyat": "219.750 TL",
    "adres": "İstanbul / Kadıköy / Göztepe",
    "ilan_no": "#3840150",
    "ilan_tarihi": "15/02/2021",
    "marka": "Mercedes",
    "model": "A Serisi",
    "varyant": "A 180 Urban",
    "model_yili": "2013",
    "kilometre": "74.529",
    "yakit_turu": "Benzin",
    "vites_tipi": "Yarı Otomatik Vites",
    "motor_hacmi": "1301-1600 cc",
    "motor_gucu": "Bilmiyorum",
    "kimden": "Galeriden"
  },
  {
    "baslik": "2018 A180d AMG PANORAMİK G.GÖRÜŞ CRUISE MBUX F1 HATASIZ Mercedes - Benz A Serisi A 180 d AMG",
    "fiyat": "417.500 TL",
    "adres": "İstanbul / Kadıköy / Göztepe",
    "ilan_no": "#3524169",
    "ilan_tarihi": "15/02/2021",
    "marka": "Mercedes",
    "model": "A Serisi",
    "varyant": "A 180 d AMG",
    "model_yili": "2018",
    "kilometre": "28.225",
    "yakit_turu": "Dizel",
    "vites_tipi": "Yarı Otomatik Vites",
    "motor_hacmi": "1301-1600 cc",
    "motor_gucu": "Bilmiyorum",
    "kimden": "Galeriden"
  },
  {
    "baslik": "HATASIZ BOYASIZ DÜŞÜK KM CAM TAVAN FULL Mercedes - Benz A Serisi A 180 CDI BlueEfficiency Style",
    "fiyat": "207.000 TL",
    "adres": "Gaziantep / Şehitkamil / Merkez",
    "ilan_no": "#4724066",
    "ilan_tarihi": "15/02/2021",
    "marka": "Mercedes",
    "model": "A Serisi",
    "varyant": "A 180 CDI BlueEfficiency Style",
    "model_yili": "2012",
    "kilometre": "114.000",
    "yakit_turu": "Dizel",
    "vites_tipi": "Düz Vites",
    "motor_hacmi": "1301-1600 cc",
    "motor_gucu": "Bilmiyorum",
    "kimden": "Galeriden"
  },
  {
    "baslik": "DİZEL DERİ KOLTUKLU SUNROOFLU HATASIZ SADECE 46.000 KM DE Mercedes - Benz A Serisi A 180 d Style",
    "fiyat": "302.000 TL",
    "adres": "Ordu / Ordu",
    "ilan_no": "#3810399",
    "ilan_tarihi": "15/02/2021",
    "marka": "Mercedes",
    "model": "A Serisi",
    "varyant": "Diğer",
    "model_yili": "2017",
    "kilometre": "46.000",
    "yakit_turu": "Dizel",
    "vites_tipi": "Otomatik Vites",
    "motor_hacmi": "1300 cc ve altı",
    "motor_gucu": "Bilmiyorum",
    "kimden": "Galeriden"
  },
  {
    "baslik": "KIRCA OTOMOTİV DEN 2018 MERCEDES A180d STYLE CAM TVN BOYASIZ Mercedes - Benz A Serisi A 180 d Style",
    "fiyat": "369.000 TL",
    "adres": "İstanbul / Üsküdar / Merkez",
    "ilan_no": "#4041734",
    "ilan_tarihi": "15/02/2021",
    "marka": "Mercedes",
    "model": "A Serisi",
    "varyant": "Diğer",
    "model_yili": "2018",
    "kilometre": "37.000",
    "yakit_turu": "Dizel",
    "vites_tipi": "Yarı Otomatik Vites",
    "motor_hacmi": "1301-1600 cc",
    "motor_gucu": "Bilmiyorum",
    "kimden": "Galeriden"
  },
  {
    "baslik": "ceylın Otomotiv den hatasız orjınan Mercedes - Benz A Serisi A 160 Elegance",
    "fiyat": "79.250 TL",
    "adres": "Ankara / Akyurt / Akyurt",
    "ilan_no": "#2533910",
    "ilan_tarihi": "15/02/2021",
    "marka": "Mercedes",
    "model": "A Serisi",
    "varyant": "A 160 Elegance",
    "model_yili": "2002",
    "kilometre": "286.000",
    "yakit_turu": "Benzin",
    "vites_tipi": "Düz Vites",
    "motor_hacmi": "1301-1600 cc",
    "motor_gucu": "Bilmiyorum",
    "kimden": "Galeriden"
  },
  {
    "baslik": "DÜZEN AUTO AUTOPIA 2020 A180d AMG TEKNOLOJİ PLUS HAFIZA COMMAND Mercedes - Benz A Serisi A 180 d AMG",
    "fiyat": "459.500 TL",
    "adres": "İstanbul / Esenyurt / Esenyurt",
    "ilan_no": "#1734246",
    "ilan_tarihi": "15/02/2021",
    "marka": "Mercedes",
    "model": "A Serisi",
    "varyant": "A 180 d AMG",
    "model_yili": "2020",
    "kilometre": "6.000",
    "yakit_turu": "Dizel",
    "vites_tipi": "Yarı Otomatik Vites",
    "motor_hacmi": "1301-1600 cc",
    "motor_gucu": "Bilmiyorum",
    "kimden": "Galeriden"
  },
  {
    "baslik": "YAŞAR 2015 CAMTAVAN GECE PAKET GNŞEKRAN LED A180 CDI AMG Mercedes - Benz A Serisi A 180 CDI BlueEfficiency AMG",
    "fiyat": "293.000 TL",
    "adres": "Ankara / Yenimahalle / Yenimahalle",
    "ilan_no": "#2464225",
    "ilan_tarihi": "15/02/2021",
    "marka": "Mercedes",
    "model": "A Serisi",
    "varyant": "A 180 CDI BlueEfficiency AMG",
    "model_yili": "2015",
    "kilometre": "100.000",
    "yakit_turu": "Dizel",
    "vites_tipi": "Yarı Otomatik Vites",
    "motor_hacmi": "1301-1600 cc",
    "motor_gucu": "Bilmiyorum",
    "kimden": "Galeriden"
  },
  {
    "baslik": "KARAGÖZ OTOMOTİV DEN 2001 MODEL ORİJİNAL FULL FULL MERCEDES Mercedes - Benz A Serisi A 160 Avantgarde",
    "fiyat": "62.750 TL",
    "adres": "İzmir",
    "ilan_no": "#2035601",
    "ilan_tarihi": "15/02/2021",
    "marka": "Mercedes",
    "model": "A Serisi",
    "varyant": "A 160 Avantgarde",
    "model_yili": "2001",
    "kilometre": "300.000",
    "yakit_turu": "Benzin/LPG",
    "vites_tipi": "Düz Vites",
    "motor_hacmi": "1301-1600 cc",
    "motor_gucu": "Bilmiyorum",
    "kimden": "Galeriden"
  },
  {
    "baslik": "2O2O-MODEL 9OO-KM DE A-18O BLACKART BEJ-DERİ KAMERA IŞIK-PAKET F Mercedes - Benz A Serisi A 180 Progressive",
    "fiyat": "439.900 TL",
    "adres": "Adana / Seyhan / Yeşiloba",
    "ilan_no": "#2764165",
    "ilan_tarihi": "15/02/2021",
    "marka": "Mercedes",
    "model": "A Serisi",
    "varyant": "Diğer",
    "model_yili": "2020",
    "kilometre": "900",
    "yakit_turu": "Benzin",
    "vites_tipi": "Yarı Otomatik Vites",
    "motor_hacmi": "1301-1600 cc",
    "motor_gucu": "Bilmiyorum",
    "kimden": "Galeriden"
  },
  {
    "baslik": "A 180 D AMG 85000 KM Mercedes - Benz A Serisi A 180 d AMG",
    "fiyat": "383.000 TL",
    "adres": "İstanbul / Tuzla / Merkez",
    "ilan_no": "#2129355",
    "ilan_tarihi": "15/02/2021",
    "marka": "Mercedes",
    "model": "A Serisi",
    "varyant": "A 180 d AMG",
    "model_yili": "2018",
    "kilometre": "85.000",
    "yakit_turu": "Dizel",
    "vites_tipi": "Yarı Otomatik Vites",
    "motor_hacmi": "1301-1600 cc",
    "motor_gucu": "Bilmiyorum",
    "kimden": "Galeriden"
  },
  {
    "baslik": "NEVZATOTO-57000KM-MERCEDES A180 CDI STYLE-YETKİLİ SERVİS BAKIMLI Mercedes - Benz A Serisi A 180 CDI BlueEfficiency Style",
    "fiyat": "279.000 TL",
    "adres": "İstanbul / Bahçelievler / Merkez",
    "ilan_no": "#2924939",
    "ilan_tarihi": "24/01/2021",
    "marka": "Mercedes",
    "model": "A Serisi",
    "varyant": "A 180 CDI BlueEfficiency Style",
    "model_yili": "2017",
    "kilometre": "57.000",
    "yakit_turu": "Dizel",
    "vites_tipi": "Yarı Otomatik Vites",
    "motor_hacmi": "1301-1600 cc",
    "motor_gucu": "Bilmiyorum",
    "kimden": "Galeriden"
  },
  {
    "baslik": "TERTEMİZ MERCEDES-BENZ A180 AMG SPORT OTOMATİK MASRAFSIZ Mercedes - Benz A Serisi A 180 AMG Sport",
    "fiyat": "229.800 TL",
    "adres": "İstanbul / Esenyurt / Esenyurt",
    "ilan_no": "#1038541",
    "ilan_tarihi": "24/01/2021",
    "marka": "Mercedes",
    "model": "A Serisi",
    "varyant": "A 180 AMG Sport",
    "model_yili": "2012",
    "kilometre": "130.000",
    "yakit_turu": "Benzin",
    "vites_tipi": "Yarı Otomatik Vites",
    "motor_hacmi": "1300 cc ve altı",
    "motor_gucu": "Bilmiyorum",
    "kimden": "Galeriden"
  },
  {
    "baslik": "GARAGE 2020 MERCEDES BENZ A 200 SEDAN AMG TEKNOLOJİ- 18 KDV Mercedes - Benz A Serisi A 200 AMG",
    "fiyat": "515.000 TL",
    "adres": "İstanbul / Beykoz / Beykoz",
    "ilan_no": "#4656259",
    "ilan_tarihi": "05/02/2021",
    "marka": "Mercedes",
    "model": "A Serisi",
    "varyant": "A 200 AMG",
    "model_yili": "2020",
    "kilometre": "8",
    "yakit_turu": "Benzin",
    "vites_tipi": "Yarı Otomatik Vites",
    "motor_hacmi": "1301-1600 cc",
    "motor_gucu": "Bilmiyorum",
    "kimden": "Galeriden"
  },
  {
    "baslik": "ÇEKİCİ İLE GÖNDERELİM KREDİLİ VEYA SENETLİ SATIŞ İMKANI Mercedes - Benz A Serisi A 180 CDI BlueEfficiency AMG",
    "fiyat": "257.999 TL",
    "adres": "Kocaeli / İzmit / Merez",
    "ilan_no": "#620021",
    "ilan_tarihi": "24/01/2021",
    "marka": "Mercedes",
    "model": "A Serisi",
    "varyant": "A 180 CDI BlueEfficiency AMG",
    "model_yili": "2014",
    "kilometre": "91.250",
    "yakit_turu": "Dizel",
    "vites_tipi": "Yarı Otomatik Vites",
    "motor_hacmi": "1301-1600 cc",
    "motor_gucu": "Bilmiyorum",
    "kimden": "Galeriden"
  },
  {
    "baslik": "GARAGE 2020 MERCEDES BENZ A 180 STYLE CAM TAVAN KAMERA- 18 KDV Mercedes - Benz A Serisi A 180 Style",
    "fiyat": "417.000 TL",
    "adres": "İstanbul / Beykoz / Beykoz",
    "ilan_no": "#3182904",
    "ilan_tarihi": "05/02/2021",
    "marka": "Mercedes",
    "model": "A Serisi",
    "varyant": "A 180 Style",
    "model_yili": "2020",
    "kilometre": "27",
    "yakit_turu": "Benzin",
    "vites_tipi": "Yarı Otomatik Vites",
    "motor_hacmi": "1301-1600 cc",
    "motor_gucu": "Bilmiyorum",
    "kimden": "Galeriden"
  },
  {
    "baslik": "2020 A 200 AMG TEKNOLOJİ SEDAN PANORAMİK GERİGÖRÜŞ CARPLAY 19 KM Mercedes - Benz A Serisi A 200 AMG",
    "fiyat": "489.500 TL",
    "adres": "İstanbul / Kadıköy / Göztepe",
    "ilan_no": "#1472553",
    "ilan_tarihi": "05/02/2021",
    "marka": "Mercedes",
    "model": "A Serisi",
    "varyant": "A 200 AMG",
    "model_yili": "2020",
    "kilometre": "19",
    "yakit_turu": "Benzin",
    "vites_tipi": "Yarı Otomatik Vites",
    "motor_hacmi": "1301-1600 cc",
    "motor_gucu": "Bilmiyorum",
    "kimden": "Galeriden"
  },
  {
    "baslik": "GARAGE 2017 MERCEDES BENZ A 180 D STYLE KAMERA Mercedes - Benz A Serisi A 180 CDI BlueEfficiency Style",
    "fiyat": "320.000 TL",
    "adres": "İstanbul / Beykoz / Beykoz",
    "ilan_no": "#4700535",
    "ilan_tarihi": "05/02/2021",
    "marka": "Mercedes",
    "model": "A Serisi",
    "varyant": "A 180 CDI BlueEfficiency Style",
    "model_yili": "2017",
    "kilometre": "28.554",
    "yakit_turu": "Dizel",
    "vites_tipi": "Yarı Otomatik Vites",
    "motor_hacmi": "1301-1600 cc",
    "motor_gucu": "Bilmiyorum",
    "kimden": "Galeriden"
  },
  {
    "baslik": "2012 MERCEDES A 180 AMG SPORT PANORAMİK GERİGÖRÜŞ CRUISE F1 Mercedes - Benz A Serisi A 180 AMG Sport",
    "fiyat": "232.500 TL",
    "adres": "İstanbul / Kadıköy / Göztepe",
    "ilan_no": "#3835703",
    "ilan_tarihi": "05/02/2021",
    "marka": "Mercedes",
    "model": "A Serisi",
    "varyant": "A 180 AMG Sport",
    "model_yili": "2012",
    "kilometre": "69.920",
    "yakit_turu": "Benzin",
    "vites_tipi": "Düz Vites",
    "motor_hacmi": "1301-1600 cc",
    "motor_gucu": "Bilmiyorum",
    "kimden": "Galeriden"
  },
  {
    "baslik": "2020 A180 D AMG TEKNOLOJİPLUS PANORAMİK F1 CRUISE G.GÖRÜŞ K.SARJ Mercedes - Benz A Serisi A 180 d AMG",
    "fiyat": "509.500 TL",
    "adres": "İstanbul / Kadıköy / Göztepe",
    "ilan_no": "#4517650",
    "ilan_tarihi": "05/02/2021",
    "marka": "Mercedes",
    "model": "A Serisi",
    "varyant": "A 180 d AMG",
    "model_yili": "2020",
    "kilometre": "9.719",
    "yakit_turu": "Dizel",
    "vites_tipi": "Yarı Otomatik Vites",
    "motor_hacmi": "1301-1600 cc",
    "motor_gucu": "Bilmiyorum",
    "kimden": "Galeriden"
  },
  {
    "baslik": "2018 A180d AMG Hatasız Boyasız Cam Tavan Çarpışma Önleme Mercedes - Benz A Serisi A 180 d AMG",
    "fiyat": "418.500 TL",
    "adres": "İstanbul / Üsküdar / Çengelköy",
    "ilan_no": "#3659664",
    "ilan_tarihi": "05/02/2021",
    "marka": "Mercedes",
    "model": "A Serisi",
    "varyant": "A 180 d AMG",
    "model_yili": "2018",
    "kilometre": "108.000",
    "yakit_turu": "Dizel",
    "vites_tipi": "Yarı Otomatik Vites",
    "motor_hacmi": "1301-1600 cc",
    "motor_gucu": "Bilmiyorum",
    "kimden": "Galeriden"
  },
  {
    "baslik": "2016 A180d AMG Cam Tavan 7 İleri Otomatik Geri Görüş Mercedes - Benz A Serisi A 180 d AMG",
    "fiyat": "259.000 TL",
    "adres": "İstanbul / Üsküdar / Çengelköy",
    "ilan_no": "#1885635",
    "ilan_tarihi": "05/02/2021",
    "marka": "Mercedes",
    "model": "A Serisi",
    "varyant": "A 180 d AMG",
    "model_yili": "2016",
    "kilometre": "70.600",
    "yakit_turu": "Dizel",
    "vites_tipi": "Yarı Otomatik Vites",
    "motor_hacmi": "1301-1600 cc",
    "motor_gucu": "Bilmiyorum",
    "kimden": "Galeriden"
  },
  {
    "baslik": "FULL AMG COMMAND TECHNOLOGY PAKET HATASIZ Mercedes - Benz A Serisi A 200 AMG",
    "fiyat": "430.000 TL",
    "adres": "Bursa / Mudanya / Merkez",
    "ilan_no": "#1960344",
    "ilan_tarihi": "05/02/2021",
    "marka": "Mercedes",
    "model": "A Serisi",
    "varyant": "A 200 AMG",
    "model_yili": "2019",
    "kilometre": "31.000",
    "yakit_turu": "Benzin",
    "vites_tipi": "Yarı Otomatik Vites",
    "motor_hacmi": "1301-1600 cc",
    "motor_gucu": "Bilmiyorum",
    "kimden": "Galeriden"
  },
  {
    "baslik": "-BAYRAM AUTO-2016 MERCEDES-BENZ A 180 CDI STYLE EMSALSİZ 47.KM Mercedes - Benz A Serisi A 180 CDI BlueEfficiency Style",
    "fiyat": "259.900 TL",
    "adres": "İstanbul / Esenler / Atışalanı",
    "ilan_no": "#792520",
    "ilan_tarihi": "05/02/2021",
    "marka": "Mercedes",
    "model": "A Serisi",
    "varyant": "A 180 CDI BlueEfficiency Style",
    "model_yili": "2016",
    "kilometre": "47.000",
    "yakit_turu": "Dizel",
    "vites_tipi": "Yarı Otomatik Vites",
    "motor_hacmi": "1301-1600 cc",
    "motor_gucu": "Bilmiyorum",
    "kimden": "Galeriden"
  },
  {
    "baslik": "2014 MODEL 96000km CAM TAVAN XENON FAR KUSURSUZ Mercedes - Benz A Serisi A 180 Style Plus",
    "fiyat": "241.000 TL",
    "adres": "İstanbul / Esenyurt",
    "ilan_no": "#1705463",
    "ilan_tarihi": "05/02/2021",
    "marka": "Mercedes",
    "model": "A Serisi",
    "varyant": "A 180 Style Plus",
    "model_yili": "2014",
    "kilometre": "96.000",
    "yakit_turu": "Benzin",
    "vites_tipi": "Yarı Otomatik Vites",
    "motor_hacmi": "1300 cc ve altı",
    "motor_gucu": "Bilmiyorum",
    "kimden": "Galeriden"
  },
  {
    "baslik": "2016 ÇIKIŞLI YENİ KASA A180D AMG 73.000 KM HATASIZ KIRMIZI FULL Mercedes - Benz A Serisi A 180 d AMG",
    "fiyat": "319.500 TL",
    "adres": "Trabzon / Akçaabat / Söğütlü",
    "ilan_no": "#3043018",
    "ilan_tarihi": "05/02/2021",
    "marka": "Mercedes",
    "model": "A Serisi",
    "varyant": "A 180 d AMG",
    "model_yili": "2015",
    "kilometre": "73.000",
    "yakit_turu": "Dizel",
    "vites_tipi": "Yarı Otomatik Vites",
    "motor_hacmi": "1301-1600 cc",
    "motor_gucu": "Bilmiyorum",
    "kimden": "Galeriden"
  },
  {
    "baslik": "EROĞLU 0.KM 2020 MERCEDES A180d TECHNOLOGY CAMTAVAN DERİ XENON Mercedes - Benz A Serisi A 180 d Style",
    "fiyat": "455.000 TL",
    "adres": "Adana / Seyhan / Yeşiloba",
    "ilan_no": "#3597225",
    "ilan_tarihi": "05/02/2021",
    "marka": "Mercedes",
    "model": "A Serisi",
    "varyant": "Diğer",
    "model_yili": "2020",
    "kilometre": "0",
    "yakit_turu": "Dizel",
    "vites_tipi": "Yarı Otomatik Vites",
    "motor_hacmi": "1301-1600 cc",
    "motor_gucu": "Bilmiyorum",
    "kimden": "Galeriden"
  },
  {
    "baslik": "2020 MERCEDES A 180 STYLE TECHNOLOGY PLUS PANORAMIC 900 KM Mercedes - Benz A Serisi A 180 d Style",
    "fiyat": "462.500 TL",
    "adres": "İstanbul / Kadıköy / Göztepe",
    "ilan_no": "#3654244",
    "ilan_tarihi": "24/01/2021",
    "marka": "Mercedes",
    "model": "A Serisi",
    "varyant": "Diğer",
    "model_yili": "2020",
    "kilometre": "900",
    "yakit_turu": "Dizel",
    "vites_tipi": "Yarı Otomatik Vites",
    "motor_hacmi": "1301-1600 cc",
    "motor_gucu": "Bilmiyorum",
    "kimden": "Galeriden"
  },
  {
    "baslik": "2013 MERCEDES A 180 URBAN 7G-DCT GERİGÖRÜŞ CRUISE BLUETOOTH Mercedes - Benz A Serisi A 180 Urban",
    "fiyat": "219.750 TL",
    "adres": "İstanbul / Kadıköy / Göztepe",
    "ilan_no": "#1780523",
    "ilan_tarihi": "24/01/2021",
    "marka": "Mercedes",
    "model": "A Serisi",
    "varyant": "A 180 Urban",
    "model_yili": "2013",
    "kilometre": "74.529",
    "yakit_turu": "Benzin",
    "vites_tipi": "Yarı Otomatik Vites",
    "motor_hacmi": "1301-1600 cc",
    "motor_gucu": "Bilmiyorum",
    "kimden": "Galeriden"
  },
  {
    "baslik": "2020 A 180d AMG SEDAN TEKNOLOJİPLUS PANORAMİK MBUX GERİGÖRÜŞ Mercedes - Benz A Serisi A 180 d AMG",
    "fiyat": "525.900 TL",
    "adres": "İstanbul / Kadıköy / Göztepe",
    "ilan_no": "#1716072",
    "ilan_tarihi": "24/01/2021",
    "marka": "Mercedes",
    "model": "A Serisi",
    "varyant": "A 180 d AMG",
    "model_yili": "2020",
    "kilometre": "33",
    "yakit_turu": "Dizel",
    "vites_tipi": "Yarı Otomatik Vites",
    "motor_hacmi": "1301-1600 cc",
    "motor_gucu": "Bilmiyorum",
    "kimden": "Galeriden"
  },
  {
    "baslik": "2018 A180d AMG PANORAMİK G.GÖRÜŞ CRUISE MBUX F1 HATASIZ Mercedes - Benz A Serisi A 180 d AMG",
    "fiyat": "417.500 TL",
    "adres": "İstanbul / Kadıköy / Göztepe",
    "ilan_no": "#4400628",
    "ilan_tarihi": "24/01/2021",
    "marka": "Mercedes",
    "model": "A Serisi",
    "varyant": "A 180 d AMG",
    "model_yili": "2018",
    "kilometre": "28.225",
    "yakit_turu": "Dizel",
    "vites_tipi": "Yarı Otomatik Vites",
    "motor_hacmi": "1301-1600 cc",
    "motor_gucu": "Bilmiyorum",
    "kimden": "Galeriden"
  },
  {
    "baslik": "KARAELMAS AUTO DAN A 200 AMG CAM TAVAN OTOMATİK Mercedes - Benz A Serisi A 200 BlueEfficiency AMG",
    "fiyat": "254.000 TL",
    "adres": "Kilis / Merkez / Merkez",
    "ilan_no": "#732666",
    "ilan_tarihi": "24/01/2021",
    "marka": "Mercedes",
    "model": "A Serisi",
    "varyant": "A 200 BlueEfficiency AMG",
    "model_yili": "2012",
    "kilometre": "108.000",
    "yakit_turu": "Benzin",
    "vites_tipi": "Yarı Otomatik Vites",
    "motor_hacmi": "1301-1600 cc",
    "motor_gucu": "Bilmiyorum",
    "kimden": "Galeriden"
  },
  {
    "baslik": "B G MOTORS DAN A 180 AMG CAM TAVAN PEŞİNAT 75.000TL VADE TAKAS Mercedes - Benz A Serisi A 180 AMG Sport",
    "fiyat": "247.500 TL",
    "adres": "İstanbul",
    "ilan_no": "#549900",
    "ilan_tarihi": "24/01/2021",
    "marka": "Mercedes",
    "model": "A Serisi",
    "varyant": "A 180 AMG Sport",
    "model_yili": "2015",
    "kilometre": "104.000",
    "yakit_turu": "Benzin",
    "vites_tipi": "Yarı Otomatik Vites",
    "motor_hacmi": "1301-1600 cc",
    "motor_gucu": "Bilmiyorum",
    "kimden": "Galeriden"
  },
  {
    "baslik": "2020-A-180D-AMG-SEDAN-HAYALET-COMMAND-WIRELESS-CM-TVN Mercedes - Benz A Serisi A 180 d AMG",
    "fiyat": "520.000 TL",
    "adres": "Gaziantep / Şehitkamil",
    "ilan_no": "#3073722",
    "ilan_tarihi": "24/01/2021",
    "marka": "Mercedes",
    "model": "A Serisi",
    "varyant": "A 180 d AMG",
    "model_yili": "2020",
    "kilometre": "1.000",
    "yakit_turu": "Dizel",
    "vites_tipi": "Yarı Otomatik Vites",
    "motor_hacmi": "1301-1600 cc",
    "motor_gucu": "Bilmiyorum",
    "kimden": "Galeriden"
  },
  {
    "baslik": "SUNROOFLU DERİ KOLTUKLU DİZEL İLK EL A180 STYLE PAKET Mercedes - Benz A Serisi A 180 d Style Blackart Edition",
    "fiyat": "322.000 TL",
    "adres": "Ordu / Ordu",
    "ilan_no": "#1280855",
    "ilan_tarihi": "24/01/2021",
    "marka": "Mercedes",
    "model": "A Serisi",
    "varyant": "Diğer",
    "model_yili": "2017",
    "kilometre": "46.800",
    "yakit_turu": "Dizel",
    "vites_tipi": "Otomatik Vites",
    "motor_hacmi": "1300 cc ve altı",
    "motor_gucu": "Bilmiyorum",
    "kimden": "Galeriden"
  },
  {
    "baslik": "AKEL AUTO DAN MERCEDES A180d AMG Mercedes - Benz A Serisi A 180 d AMG",
    "fiyat": "325.000 TL",
    "adres": "İstanbul / Kartal / Esentepe",
    "ilan_no": "#2809706",
    "ilan_tarihi": "24/01/2021",
    "marka": "Mercedes",
    "model": "A Serisi",
    "varyant": "A 180 d AMG",
    "model_yili": "2017",
    "kilometre": "98.000",
    "yakit_turu": "Dizel",
    "vites_tipi": "Yarı Otomatik Vites",
    "motor_hacmi": "1301-1600 cc",
    "motor_gucu": "Bilmiyorum",
    "kimden": "Galeriden"
  },
  {
    "baslik": "GEZEGENDEN ELMA ŞEKERİ VADE TAKAS OLUR Mercedes - Benz A Serisi A 170 CDI Elegance",
    "fiyat": "77.000 TL",
    "adres": "İstanbul / Eyüp / Rami",
    "ilan_no": "#997401",
    "ilan_tarihi": "24/01/2021",
    "marka": "Mercedes",
    "model": "A Serisi",
    "varyant": "A 170 CDI Elegance",
    "model_yili": "1999",
    "kilometre": "210.000",
    "yakit_turu": "Dizel",
    "vites_tipi": "Düz Vites",
    "motor_hacmi": "1300 cc ve altı",
    "motor_gucu": "Bilmiyorum",
    "kimden": "Galeriden"
  },
  {
    "baslik": "DS CAR DAN 2014 MODEL A180 BENZİN OTOMATİK URBAN Mercedes - Benz A Serisi A 180 Urban",
    "fiyat": "227.750 TL",
    "adres": "İstanbul / Bağcılar / Bağcılar",
    "ilan_no": "#1554343",
    "ilan_tarihi": "24/01/2021",
    "marka": "Mercedes",
    "model": "A Serisi",
    "varyant": "A 180 Urban",
    "model_yili": "2014",
    "kilometre": "58.000",
    "yakit_turu": "Benzin",
    "vites_tipi": "Yarı Otomatik Vites",
    "motor_hacmi": "1301-1600 cc",
    "motor_gucu": "Bilmiyorum",
    "kimden": "Galeriden"
  },
  {
    "baslik": "TAKSİM MOTORS-2020 A180d AMG TEKNO PAK.COMMAND-CAMTVN-TOUCH PAD Mercedes - Benz A Serisi A 180 d AMG",
    "fiyat": "489.950 TL",
    "adres": "İstanbul",
    "ilan_no": "#3637724",
    "ilan_tarihi": "24/01/2021",
    "marka": "Mercedes",
    "model": "A Serisi",
    "varyant": "A 180 d AMG",
    "model_yili": "2020",
    "kilometre": "5.400",
    "yakit_turu": "Dizel",
    "vites_tipi": "Yarı Otomatik Vites",
    "motor_hacmi": "1301-1600 cc",
    "motor_gucu": "Bilmiyorum",
    "kimden": "Galeriden"
  },
  {
    "baslik": "TAKSİM MOTORS-2020 A180d AMG-TEKNO PAK.COMMAND-CAMTVN-TOUCH PAD Mercedes - Benz A Serisi A 180 d AMG",
    "fiyat": "488.950 TL",
    "adres": "İstanbul",
    "ilan_no": "#1447231",
    "ilan_tarihi": "24/01/2021",
    "marka": "Mercedes",
    "model": "A Serisi",
    "varyant": "A 180 d AMG",
    "model_yili": "2020",
    "kilometre": "9.850",
    "yakit_turu": "Dizel",
    "vites_tipi": "Yarı Otomatik Vites",
    "motor_hacmi": "1301-1600 cc",
    "motor_gucu": "Bilmiyorum",
    "kimden": "Galeriden"
  },
  {
    "baslik": "XENON 36000KM CAM TAVAN SERVİS BAKIMLI DERİ DÖŞEME Mercedes - Benz A Serisi A 180 d Style",
    "fiyat": "331.000 TL",
    "adres": "İstanbul / Esenyurt",
    "ilan_no": "#4717081",
    "ilan_tarihi": "24/01/2021",
    "marka": "Mercedes",
    "model": "A Serisi",
    "varyant": "Diğer",
    "model_yili": "2017",
    "kilometre": "36.000",
    "yakit_turu": "Dizel",
    "vites_tipi": "Yarı Otomatik Vites",
    "motor_hacmi": "1300 cc ve altı",
    "motor_gucu": "Bilmiyorum",
    "kimden": "Galeriden"
  },
  {
    "baslik": "A180 AMG SPORT CAM TAVAN GERİ GÖRÜŞ ÇARPIŞMA ÖNLEYİCİ SERVİS BAK Mercedes - Benz A Serisi A 180 AMG Sport",
    "fiyat": "269.000 TL",
    "adres": "Ordu / Merkez / Merkez",
    "ilan_no": "#3419788",
    "ilan_tarihi": "24/01/2021",
    "marka": "Mercedes",
    "model": "A Serisi",
    "varyant": "A 180 AMG Sport",
    "model_yili": "2014",
    "kilometre": "119.000",
    "yakit_turu": "Benzin",
    "vites_tipi": "Yarı Otomatik Vites",
    "motor_hacmi": "1301-1600 cc",
    "motor_gucu": "Bilmiyorum",
    "kimden": "Galeriden"
  },
  {
    "baslik": "AKDENİZ AUTO 2016 MERCEDES A 180 D AMG 7G-DCT MAKYAJLI YENİ KASA Mercedes - Benz A Serisi A 180 d AMG",
    "fiyat": "282.000 TL",
    "adres": "İstanbul / Büyükçekmece / Büyükçekmece",
    "ilan_no": "#1454413",
    "ilan_tarihi": "24/01/2021",
    "marka": "Mercedes",
    "model": "A Serisi",
    "varyant": "A 180 d AMG",
    "model_yili": "2016",
    "kilometre": "124.473",
    "yakit_turu": "Dizel",
    "vites_tipi": "Yarı Otomatik Vites",
    "motor_hacmi": "1301-1600 cc",
    "motor_gucu": "Bilmiyorum",
    "kimden": "Galeriden"
  },
  {
    "baslik": "-BAYRAM AUTO-2016 A 180 CDI URBAN 49 KM DE CAM TAVAN-XENON-FULL Mercedes - Benz A Serisi A 180 CDI BlueEfficiency Urban",
    "fiyat": "289.000 TL",
    "adres": "İstanbul / Esenler / Atışalanı",
    "ilan_no": "#2792836",
    "ilan_tarihi": "27/12/2020",
    "marka": "Mercedes",
    "model": "A Serisi",
    "varyant": "A 180 CDI BlueEfficiency Urban",
    "model_yili": "2016",
    "kilometre": "49.000",
    "yakit_turu": "Dizel",
    "vites_tipi": "Yarı Otomatik Vites",
    "motor_hacmi": "1301-1600 cc",
    "motor_gucu": "Bilmiyorum",
    "kimden": "Galeriden"
  },
  {
    "baslik": "EROĞLU 0.KM 2020 MERCEDES A180d SEDAN CAMTAVAN DERİ XENON LED Mercedes - Benz A Serisi A 180 d Style",
    "fiyat": "460.000 TL",
    "adres": "Adana / Seyhan / Yeşiloba",
    "ilan_no": "#3596841",
    "ilan_tarihi": "27/12/2020",
    "marka": "Mercedes",
    "model": "A Serisi",
    "varyant": "Diğer",
    "model_yili": "2020",
    "kilometre": "0",
    "yakit_turu": "Dizel",
    "vites_tipi": "Yarı Otomatik Vites",
    "motor_hacmi": "1301-1600 cc",
    "motor_gucu": "Bilmiyorum",
    "kimden": "Galeriden"
  },
  {
    "baslik": "2016 MERCEDES A180 CDI HATASIZ BOYASIZ 18 KDV DAHİL FATURALI Mercedes - Benz A Serisi A 180 d Style",
    "fiyat": "276.500 TL",
    "adres": "İstanbul / Bağcılar / Bağcılar",
    "ilan_no": "#2266073",
    "ilan_tarihi": "27/12/2020",
    "marka": "Mercedes",
    "model": "A Serisi",
    "varyant": "Diğer",
    "model_yili": "2016",
    "kilometre": "70.000",
    "yakit_turu": "Dizel",
    "vites_tipi": "Yarı Otomatik Vites",
    "motor_hacmi": "1300 cc ve altı",
    "motor_gucu": "Bilmiyorum",
    "kimden": "Galeriden"
  },
  {
    "baslik": "NİSA DAN 2014 MODEL MERCEDES A 180 CAM TAVAN Mercedes - Benz A Serisi A 180 CDI BlueEfficiency Style",
    "fiyat": "219.750 TL",
    "adres": "İstanbul / Beykoz",
    "ilan_no": "#4233401",
    "ilan_tarihi": "27/12/2020",
    "marka": "Mercedes",
    "model": "A Serisi",
    "varyant": "A 180 CDI BlueEfficiency Style",
    "model_yili": "2014",
    "kilometre": "196.000",
    "yakit_turu": "Dizel",
    "vites_tipi": "Yarı Otomatik Vites",
    "motor_hacmi": "1301-1600 cc",
    "motor_gucu": "Bilmiyorum",
    "kimden": "Galeriden"
  },
  {
    "baslik": "UĞUROTO 2017 MERCEDES-BENZ A 200 AMG CAM TAVAN BOYASIZ 40.000 KM Mercedes - Benz A Serisi A 200 BlueEfficiency AMG",
    "fiyat": "322.500 TL",
    "adres": "İzmir",
    "ilan_no": "#1255275",
    "ilan_tarihi": "27/12/2020",
    "marka": "Mercedes",
    "model": "A Serisi",
    "varyant": "A 200 BlueEfficiency AMG",
    "model_yili": "2017",
    "kilometre": "40.000",
    "yakit_turu": "Benzin",
    "vites_tipi": "Yarı Otomatik Vites",
    "motor_hacmi": "1301-1600 cc",
    "motor_gucu": "Bilmiyorum",
    "kimden": "Galeriden"
  },
  {
    "baslik": "2003 Makyajlı Kasa Mercedes Benz A 160 Long Avantgarde Otomatik Mercedes - Benz A Serisi A 160 Avantgarde",
    "fiyat": "91.900 TL",
    "adres": "İstanbul / Maltepe / Merkez",
    "ilan_no": "#4621426",
    "ilan_tarihi": "31/12/2020",
    "marka": "Mercedes",
    "model": "A Serisi",
    "varyant": "A 160 Avantgarde",
    "model_yili": "2003",
    "kilometre": "155.000",
    "yakit_turu": "Benzin",
    "vites_tipi": "Yarı Otomatik Vites",
    "motor_hacmi": "1301-1600 cc",
    "motor_gucu": "Bilmiyorum",
    "kimden": "Galeriden"
  },
  {
    "baslik": "CİVAN 2015 MERCEDES-BENZ A180 CDI AMG C.TAV-BOYASIZ-18 -HATASIZ Mercedes - Benz A Serisi A 180 CDI BlueEfficiency AMG",
    "fiyat": "296.950 TL",
    "adres": "İstanbul / Avcılar",
    "ilan_no": "#3628952",
    "ilan_tarihi": "06/01/2021",
    "marka": "Mercedes",
    "model": "A Serisi",
    "varyant": "A 180 CDI BlueEfficiency AMG",
    "model_yili": "2015",
    "kilometre": "76.000",
    "yakit_turu": "Dizel",
    "vites_tipi": "Yarı Otomatik Vites",
    "motor_hacmi": "1301-1600 cc",
    "motor_gucu": "Bilmiyorum",
    "kimden": "Galeriden"
  },
  {
    "baslik": "2018 MERCEDES A180 d AMG 7G-DCT 34.000 KM TEMİZ BAKIMLI Mercedes - Benz A Serisi A 180 d AMG",
    "fiyat": "389.000 TL",
    "adres": "İstanbul / Tuzla / Merkez",
    "ilan_no": "#1895178",
    "ilan_tarihi": "06/01/2021",
    "marka": "Mercedes",
    "model": "A Serisi",
    "varyant": "A 180 d AMG",
    "model_yili": "2018",
    "kilometre": "34.000",
    "yakit_turu": "Dizel",
    "vites_tipi": "Yarı Otomatik Vites",
    "motor_hacmi": "1301-1600 cc",
    "motor_gucu": "Bilmiyorum",
    "kimden": "Galeriden"
  },
  {
    "baslik": "VATANSEVER OTO 2018 MERCEDES A180 d 7G-DCT AMG 32.000KM HATASIZ Mercedes - Benz A Serisi A 180 d AMG",
    "fiyat": "435.000 TL",
    "adres": "Bursa / Osmangazi",
    "ilan_no": "#2500313",
    "ilan_tarihi": "06/01/2021",
    "marka": "Mercedes",
    "model": "A Serisi",
    "varyant": "A 180 d AMG",
    "model_yili": "2018",
    "kilometre": "32.000",
    "yakit_turu": "Dizel",
    "vites_tipi": "Yarı Otomatik Vites",
    "motor_hacmi": "1301-1600 cc",
    "motor_gucu": "Bilmiyorum",
    "kimden": "Galeriden"
  },
  {
    "baslik": "JET KUZENLERDEN 2015 OTOMATİK Mercedes - Benz A Serisi A 180 CDI BlueEfficiency Style",
    "fiyat": "235.000 TL",
    "adres": "Düzce",
    "ilan_no": "#1813388",
    "ilan_tarihi": "06/01/2021",
    "marka": "Mercedes",
    "model": "A Serisi",
    "varyant": "A 180 CDI BlueEfficiency Style",
    "model_yili": "2015",
    "kilometre": "145.000",
    "yakit_turu": "Dizel",
    "vites_tipi": "Yarı Otomatik Vites",
    "motor_hacmi": "1301-1600 cc",
    "motor_gucu": "Bilmiyorum",
    "kimden": "Galeriden"
  },
  {
    "baslik": "-BAYRAM AUTO-2016 MERCEDES-BENZ A 180 CDI STYLE EMSALSİZ 47.KM Mercedes - Benz A Serisi A 180 CDI BlueEfficiency Style",
    "fiyat": "269.900 TL",
    "adres": "İstanbul / Esenler / Atışalanı",
    "ilan_no": "#1321005",
    "ilan_tarihi": "06/01/2021",
    "marka": "Mercedes",
    "model": "A Serisi",
    "varyant": "A 180 CDI BlueEfficiency Style",
    "model_yili": "2016",
    "kilometre": "47.000",
    "yakit_turu": "Dizel",
    "vites_tipi": "Yarı Otomatik Vites",
    "motor_hacmi": "1301-1600 cc",
    "motor_gucu": "Bilmiyorum",
    "kimden": "Galeriden"
  },
  {
    "baslik": "BURAKLAR DAN MERCEDES-BENZ A 180 AMG SPORT OTOMATİK Mercedes - Benz A Serisi A 180 AMG Sport",
    "fiyat": "237.500 TL",
    "adres": "İstanbul / Bağcılar / Bağcılar",
    "ilan_no": "#2242165",
    "ilan_tarihi": "06/01/2021",
    "marka": "Mercedes",
    "model": "A Serisi",
    "varyant": "A 180 AMG Sport",
    "model_yili": "2013",
    "kilometre": "107.870",
    "yakit_turu": "Benzin",
    "vites_tipi": "Yarı Otomatik Vites",
    "motor_hacmi": "1301-1600 cc",
    "motor_gucu": "Bilmiyorum",
    "kimden": "Galeriden"
  },
  {
    "baslik": "RIDVAN DEMİR DEN 2014 MERCEDES A180 CDİ URBAN CAM TAVAN HATASIZ Mercedes - Benz A Serisi A 180 CDI BlueEfficiency Urban",
    "fiyat": "298.000 TL",
    "adres": "Ankara / Yenimahalle / Yenimahalle",
    "ilan_no": "#4701800",
    "ilan_tarihi": "06/01/2021",
    "marka": "Mercedes",
    "model": "A Serisi",
    "varyant": "A 180 CDI BlueEfficiency Urban",
    "model_yili": "2014",
    "kilometre": "42.000",
    "yakit_turu": "Dizel",
    "vites_tipi": "Yarı Otomatik Vites",
    "motor_hacmi": "1301-1600 cc",
    "motor_gucu": "Bilmiyorum",
    "kimden": "Galeriden"
  },
  {
    "baslik": "DEĞİŞENSİZ TERTERMİZ DİZEL MERCEDES KOLTUK ISITMA",
    "fiyat": "64.000 TL",
    "adres": "Aydın / Söke / Söke",
    "ilan_no": "#1794601",
    "ilan_tarihi": "08/01/2021",
    "marka": "Mercedes",
    "model": "A Serisi",
    "varyant": "A 170 CDI Classic",
    "model_yili": "2001",
    "kilometre": "279.000",
    "yakit_turu": "Dizel",
    "vites_tipi": "Düz Vites",
    "motor_hacmi": "1601-1800 cc",
    "motor_gucu": "76-100 BG",
    "kimden": "Sahibinden"
  },
  {
    "baslik": "2015 MERCEDES-BENZ A 180 CDI BLUEEFFICIENCY STYLE 109 HP 7G-DCT MERCEDES - BENZ A SERISI A 180 CDI BLUEEFFICIENCY STYLE",
    "fiyat": "237.500 TL",
    "adres": "İstanbul / Bağcılar / Mahmutbey",
    "ilan_no": "#4613577",
    "ilan_tarihi": "12/01/2021",
    "marka": "Mercedes",
    "model": "A Serisi",
    "varyant": "A 180 CDI BlueEfficiency Style",
    "model_yili": "2015",
    "kilometre": "61.000",
    "yakit_turu": "Dizel",
    "vites_tipi": "Yarı Otomatik Vites",
    "motor_hacmi": "1301-1600 cc",
    "motor_gucu": "Bilmiyorum",
    "kimden": "Galeriden"
  },
  {
    "baslik": "2014 MODEL CAM TAVAN XENON 94000km OTOMATİK Mercedes - Benz A Serisi A 180 Urban",
    "fiyat": "246.000 TL",
    "adres": "İstanbul / Esenyurt",
    "ilan_no": "#4339808",
    "ilan_tarihi": "24/01/2021",
    "marka": "Mercedes",
    "model": "A Serisi",
    "varyant": "A 180 Urban",
    "model_yili": "2014",
    "kilometre": "96.000",
    "yakit_turu": "Benzin",
    "vites_tipi": "Yarı Otomatik Vites",
    "motor_hacmi": "1301-1600 cc",
    "motor_gucu": "Bilmiyorum",
    "kimden": "Galeriden"
  },
  {
    "baslik": "GARAGE 2015 MERCEDES A180 cdi AMG CAMTAVAN PARKASİST GERİGÖRÜŞ Mercedes - Benz A Serisi A 180 CDI BlueEfficiency AMG",
    "fiyat": "303.000 TL",
    "adres": "İstanbul / Beykoz / Beykoz",
    "ilan_no": "#2664789",
    "ilan_tarihi": "24/01/2021",
    "marka": "Mercedes",
    "model": "A Serisi",
    "varyant": "A 180 CDI BlueEfficiency AMG",
    "model_yili": "2015",
    "kilometre": "60.000",
    "yakit_turu": "Dizel",
    "vites_tipi": "Yarı Otomatik Vites",
    "motor_hacmi": "1301-1600 cc",
    "motor_gucu": "Bilmiyorum",
    "kimden": "Galeriden"
  },
  {
    "baslik": "2018 A 180d AMG PANORAMİK G.GÖRÜŞ CRUISE MBUX F1 BOYASIZ Mercedes - Benz A Serisi A 180 d AMG",
    "fiyat": "416.000 TL",
    "adres": "İstanbul / Kadıköy / Göztepe",
    "ilan_no": "#3136448",
    "ilan_tarihi": "24/01/2021",
    "marka": "Mercedes",
    "model": "A Serisi",
    "varyant": "A 180 d AMG",
    "model_yili": "2018",
    "kilometre": "41.728",
    "yakit_turu": "Dizel",
    "vites_tipi": "Yarı Otomatik Vites",
    "motor_hacmi": "1301-1600 cc",
    "motor_gucu": "Bilmiyorum",
    "kimden": "Galeriden"
  },
  {
    "baslik": "2011 Model 2. El Peugeot 308 1.6 VTi Comfort Pack - 115500 KM",
    "fiyat": "98.900 TL",
    "adres": "İstanbul / Beykoz / Kavacık",
    "ilan_no": "#4513040",
    "ilan_tarihi": "05/03/2021",
    "marka": "Peugeot",
    "model": "308",
    "varyant": "1.6 VTi Comfort Pack",
    "model_yili": "2011",
    "kilometre": "115.500",
    "yakit_turu": "Benzin/LPG",
    "vites_tipi": "Yarı Otomatik Vites",
    "motor_hacmi": "1301-1600 cc",
    "motor_gucu": "101-125 BG",
    "kimden": "Araba.com'dan"
  },
  {
    "baslik": "2012 MERCEDES A 200 AMG 7G-DCT PANORAMİK GERİGÖRÜŞ CRUISE Mercedes - Benz A Serisi A 200 BlueEfficiency AMG",
    "fiyat": "274.500 TL",
    "adres": "İstanbul / Kadıköy / Göztepe",
    "ilan_no": "#3937323",
    "ilan_tarihi": "24/01/2021",
    "marka": "Mercedes",
    "model": "A Serisi",
    "varyant": "A 200 BlueEfficiency AMG",
    "model_yili": "2012",
    "kilometre": "104.269",
    "yakit_turu": "Benzin",
    "vites_tipi": "Yarı Otomatik Vites",
    "motor_hacmi": "1301-1600 cc",
    "motor_gucu": "Bilmiyorum",
    "kimden": "Galeriden"
  },
  {
    "baslik": "CLEAN CAR 2012 HATASIZ MERCEDES-BENZ A 180 STYLE Mercedes - Benz A Serisi A 180 Style",
    "fiyat": "225.500 TL",
    "adres": "İstanbul / Maltepe / Merkez",
    "ilan_no": "#972395",
    "ilan_tarihi": "24/01/2021",
    "marka": "Mercedes",
    "model": "A Serisi",
    "varyant": "A 180 Style",
    "model_yili": "2012",
    "kilometre": "169.000",
    "yakit_turu": "Benzin",
    "vites_tipi": "Yarı Otomatik Vites",
    "motor_hacmi": "1300 cc ve altı",
    "motor_gucu": "Bilmiyorum",
    "kimden": "Galeriden"
  },
  {
    "baslik": "2012 MERCEDES-BENZ A 180 CDI PRİME ÇELİK JANT 59.000KM DE Mercedes - Benz A Serisi A 180 CDI BlueEfficiency Prime",
    "fiyat": "205.000 TL",
    "adres": "Antalya / Kumluca / Merkez",
    "ilan_no": "#4426758",
    "ilan_tarihi": "24/01/2021",
    "marka": "Mercedes",
    "model": "A Serisi",
    "varyant": "A 180 CDI BlueEfficiency Prime",
    "model_yili": "2012",
    "kilometre": "59.000",
    "yakit_turu": "Dizel",
    "vites_tipi": "Düz Vites",
    "motor_hacmi": "1301-1600 cc",
    "motor_gucu": "Bilmiyorum",
    "kimden": "Galeriden"
  },
  {
    "baslik": "2017-37.000 KM de MERCEDES A180d STYLE DERİ KOLTUK GERİ GÖRÜŞ Mercedes - Benz A Serisi A 180 CDI BlueEfficiency Style",
    "fiyat": "308.450 TL",
    "adres": "İstanbul / Tuzla / Merkez",
    "ilan_no": "#3040671",
    "ilan_tarihi": "24/01/2021",
    "marka": "Mercedes",
    "model": "A Serisi",
    "varyant": "A 180 CDI BlueEfficiency Style",
    "model_yili": "2017",
    "kilometre": "37.000",
    "yakit_turu": "Dizel",
    "vites_tipi": "Yarı Otomatik Vites",
    "motor_hacmi": "1301-1600 cc",
    "motor_gucu": "Bilmiyorum",
    "kimden": "Galeriden"
  },
  {
    "baslik": "EROĞLU 2018 A180d AMG YENİ KASA HAYALET CAMTAVAN SESLİ KOMUT Mercedes - Benz A Serisi A 180 d AMG",
    "fiyat": "385.000 TL",
    "adres": "Adana / Seyhan / Yeşiloba",
    "ilan_no": "#3661532",
    "ilan_tarihi": "05/02/2021",
    "marka": "Mercedes",
    "model": "A Serisi",
    "varyant": "A 180 d AMG",
    "model_yili": "2018",
    "kilometre": "88.000",
    "yakit_turu": "Dizel",
    "vites_tipi": "Yarı Otomatik Vites",
    "motor_hacmi": "1301-1600 cc",
    "motor_gucu": "Bilmiyorum",
    "kimden": "Galeriden"
  },
  {
    "baslik": "2018 çıkış A180d AMG 35000km YENİ NESİL FULL FULL Mercedes - Benz A Serisi A 180 d AMG",
    "fiyat": "314.900 TL",
    "adres": "İstanbul / Ataşehir / Küçükbakkalköy",
    "ilan_no": "#2927148",
    "ilan_tarihi": "05/02/2021",
    "marka": "Mercedes",
    "model": "A Serisi",
    "varyant": "A 180 d AMG",
    "model_yili": "2017",
    "kilometre": "35.000",
    "yakit_turu": "Dizel",
    "vites_tipi": "Yarı Otomatik Vites",
    "motor_hacmi": "1301-1600 cc",
    "motor_gucu": "Bilmiyorum",
    "kimden": "Galeriden"
  },
  {
    "baslik": "CAM TAVAN HATASIZZ YILDIZ 113 KM ORJİNALL Mercedes - Benz A Serisi A 180 CDI BlueEfficiency Style",
    "fiyat": "207.000 TL",
    "adres": "Gaziantep / Şehitkamil / Merkez",
    "ilan_no": "#2937328",
    "ilan_tarihi": "05/02/2021",
    "marka": "Mercedes",
    "model": "A Serisi",
    "varyant": "A 180 CDI BlueEfficiency Style",
    "model_yili": "2012",
    "kilometre": "113.000",
    "yakit_turu": "Dizel",
    "vites_tipi": "Düz Vites",
    "motor_hacmi": "1301-1600 cc",
    "motor_gucu": "Bilmiyorum",
    "kimden": "Galeriden"
  },
  {
    "baslik": "2020 Model 2. El Mitsubishi - Temsa L 200 4x4 Blizzard - 2500 KM",
    "fiyat": "442.900 TL",
    "adres": "İstanbul / Beykoz / Kavacık",
    "ilan_no": "#1533933",
    "ilan_tarihi": "16/03/2021",
    "marka": "Mitsubishi - Temsa",
    "model": "L 200",
    "varyant": "4x4 Blizzard",
    "model_yili": "2020",
    "kilometre": "2.500",
    "yakit_turu": "Dizel",
    "vites_tipi": "Otomatik Vites",
    "motor_hacmi": "2001-2500 cc",
    "motor_gucu": "126-150 BG",
    "kimden": "Araba.com'dan"
  },
  {
    "baslik": "2012 MERCEDES A 200 AMG 7G-DCT PANORAMİK GERİGÖRÜŞ CRUISE Mercedes - Benz A Serisi A 200 BlueEfficiency AMG",
    "fiyat": "270.000 TL",
    "adres": "İstanbul / Kadıköy / Göztepe",
    "ilan_no": "#4245732",
    "ilan_tarihi": "15/02/2021",
    "marka": "Mercedes",
    "model": "A Serisi",
    "varyant": "A 200 BlueEfficiency AMG",
    "model_yili": "2012",
    "kilometre": "104.269",
    "yakit_turu": "Benzin",
    "vites_tipi": "Yarı Otomatik Vites",
    "motor_hacmi": "1301-1600 cc",
    "motor_gucu": "Bilmiyorum",
    "kimden": "Galeriden"
  },
  {
    "baslik": "2015 MERSEDES A180 CDI URBAN 75 BEND KM DE SERVIS BAKIMLI",
    "fiyat": "206.500 TL",
    "adres": "Kocaeli / Gebze / Gebze",
    "ilan_no": "#4481770",
    "ilan_tarihi": "12/03/2021",
    "marka": "Mercedes",
    "model": "A Serisi",
    "varyant": "A 180 CDI BlueEfficiency Urban",
    "model_yili": "2015",
    "kilometre": "75.000",
    "yakit_turu": "Dizel",
    "vites_tipi": "Yarı Otomatik Vites",
    "motor_hacmi": "1301-1600 cc",
    "motor_gucu": "101-125 BG",
    "kimden": "Sahibinden"
  },
  {
    "baslik": "DÜŞÜK KM ÇOK TEMIZ MASRAFSIZ",
    "fiyat": "125.000 TL",
    "adres": "İzmir / Menderes / Menderes",
    "ilan_no": "#1654224",
    "ilan_tarihi": "15/03/2021",
    "marka": "Mercedes",
    "model": "A Serisi",
    "varyant": "A 150 Avantgarde",
    "model_yili": "2005",
    "kilometre": "93.800",
    "yakit_turu": "Benzin",
    "vites_tipi": "Düz Vites",
    "motor_hacmi": "1301-1600 cc",
    "motor_gucu": "76-100 BG",
    "kimden": "Sahibinden"
  },
  {
    "baslik": "2001 Model 2. El Audi 80 Serisi 2.0 - 270000 KM",
    "fiyat": "82.000 TL",
    "adres": "İstanbul / Beykoz / Kavacık",
    "ilan_no": "#416912",
    "ilan_tarihi": "10/02/2021",
    "marka": "Audi",
    "model": "80 Serisi",
    "varyant": "2.0",
    "model_yili": "2001",
    "kilometre": "270.000",
    "yakit_turu": "Benzin",
    "vites_tipi": "Otomatik Vites",
    "motor_hacmi": "2001-2500 cc",
    "motor_gucu": "126-150 BG",
    "kimden": "Araba.com'dan"
  },
  {
    "baslik": "METSAN OTOMOTİV DEN HATASIZ 2016 MODEL MERCEDES BENZ A 180 Mercedes - Benz A Serisi A 180 d AMG",
    "fiyat": "285.000 TL",
    "adres": "Kocaeli",
    "ilan_no": "#3704596",
    "ilan_tarihi": "21/03/2021",
    "marka": "Mercedes",
    "model": "A Serisi",
    "varyant": "A 180 d AMG",
    "model_yili": "2016",
    "kilometre": "138.000",
    "yakit_turu": "Dizel",
    "vites_tipi": "Yarı Otomatik Vites",
    "motor_hacmi": "1301-1600 cc",
    "motor_gucu": "Bilmiyorum",
    "kimden": "Galeriden"
  }
]
