[
  {
    "baslik": "2017 Model 2. El Opel Astra 1.4 T Edition Plus - 83765 KM",
    "fiyat": "170.000 TL",
    "adres": "İstanbul / Beykoz / Kavacık",
    "ilan_no": "#3653409",
    "ilan_tarihi": "19/01/2021",
    "marka": "Opel",
    "model": "Astra",
    "varyant": "1.4 T Edition Plus",
    "model_yili": "2017",
    "kilometre": "83.765",
    "yakit_turu": "Benzin/LPG",
    "vites_tipi": "Otomatik Vites",
    "motor_hacmi": "1301-1600 cc",
    "motor_gucu": "101-125 BG",
    "kimden": "Araba.com'dan"
  },
  {
    "baslik": "64000km KOLTUK ISITMA SERVİS BAKIMLI DERİ DÖŞEME XENON Mercedes - Benz B Serisi B 180 BlueEfficiency Sport",
    "fiyat": "231.000 TL",
    "adres": "İstanbul / Esenyurt",
    "ilan_no": "#3388748",
    "ilan_tarihi": "15/02/2021",
    "marka": "Mercedes",
    "model": "B Serisi",
    "varyant": "B 180 BlueEfficiency Sport",
    "model_yili": "2013",
    "kilometre": "64.700",
    "yakit_turu": "Benzin",
    "vites_tipi": "Yarı Otomatik Vites",
    "motor_hacmi": "1301-1600 cc",
    "motor_gucu": "Bilmiyorum",
    "kimden": "Galeriden"
  },
  {
    "baslik": "2006 SADECE 93 BİNDE MERCEDES B150 OTOMATİK KAZASIZ. Mercedes - Benz B Serisi B 150 Special Edition",
    "fiyat": "137.500 TL",
    "adres": "Ankara / Keçiören / Merkez",
    "ilan_no": "#923364",
    "ilan_tarihi": "15/02/2021",
    "marka": "Mercedes",
    "model": "B Serisi",
    "varyant": "B 150 Special Edition",
    "model_yili": "2006",
    "kilometre": "93.000",
    "yakit_turu": "Benzin",
    "vites_tipi": "Yarı Otomatik Vites",
    "motor_hacmi": "1301-1600 cc",
    "motor_gucu": "Bilmiyorum",
    "kimden": "Galeriden"
  },
  {
    "baslik": "Mega Otomotiv. 2014 Mercedes B 180 URBAN CAM TAVAN 0.99 KREDİ Mercedes - Benz B Serisi B 180 BlueEfficiency Urban",
    "fiyat": "271.750 TL",
    "adres": "Mersin",
    "ilan_no": "#1585995",
    "ilan_tarihi": "15/02/2021",
    "marka": "Mercedes",
    "model": "B Serisi",
    "varyant": "B 180 BlueEfficiency Urban",
    "model_yili": "2014",
    "kilometre": "49.000",
    "yakit_turu": "Benzin",
    "vites_tipi": "Yarı Otomatik Vites",
    "motor_hacmi": "1301-1600 cc",
    "motor_gucu": "Bilmiyorum",
    "kimden": "Galeriden"
  },
  {
    "baslik": "EMRECAN MOTORLU ARAÇLAR DAN B 180 ELİTE OTOMATİK 113.000 KM Mercedes - Benz B Serisi B 180 BlueEfficiency Elite",
    "fiyat": "229.800 TL",
    "adres": "İstanbul / Eyüp / Eyüp",
    "ilan_no": "#821834",
    "ilan_tarihi": "15/02/2021",
    "marka": "Mercedes",
    "model": "B Serisi",
    "varyant": "B 180 BlueEfficiency Elite",
    "model_yili": "2012",
    "kilometre": "113.000",
    "yakit_turu": "Benzin",
    "vites_tipi": "Otomatik Vites",
    "motor_hacmi": "1300 cc ve altı",
    "motor_gucu": "Bilmiyorum",
    "kimden": "Galeriden"
  },
  {
    "baslik": "BAYAN ÖĞRETMEN DEN 2011 MERCEDES B160 SPORT",
    "fiyat": "136.000 TL",
    "adres": "Mersin / Yenişehir / Merkez",
    "ilan_no": "#4416465",
    "ilan_tarihi": "23/02/2021",
    "marka": "Mercedes",
    "model": "B Serisi",
    "varyant": "B 160 Sport",
    "model_yili": "2011",
    "kilometre": "144.000",
    "yakit_turu": "Benzin/LPG",
    "vites_tipi": "Otomatik Vites",
    "motor_hacmi": "1301-1600 cc",
    "motor_gucu": "100 BG ve altı",
    "kimden": "Sahibinden"
  },
  {
    "baslik": "BURAK OTOMOTİV ORJİNAL İLK EL SERVİS BAKIMLI B180D STYLE",
    "fiyat": "252.000 TL",
    "adres": "Konya / Karatay / Karatay",
    "ilan_no": "#3620114",
    "ilan_tarihi": "15/03/2021",
    "marka": "Mercedes",
    "model": "B Serisi",
    "varyant": "B 180 CDI BlueEfficiency Style",
    "model_yili": "2016",
    "kilometre": "103.000",
    "yakit_turu": "Dizel",
    "vites_tipi": "Yarı Otomatik Vites",
    "motor_hacmi": "1301-1600 cc",
    "motor_gucu": "101-125 BG",
    "kimden": "Galeriden"
  },
  {
    "baslik": "2014 MERCEDES-BENZ B 180 STYLE ORJİNAL 65.000 KM DE Mercedes - Benz B Serisi B 180 BlueEfficiency Style",
    "fiyat": "239.750 TL",
    "adres": "İstanbul / Kadıköy / Göztepe",
    "ilan_no": "#364595",
    "ilan_tarihi": "21/03/2021",
    "marka": "Mercedes",
    "model": "B Serisi",
    "varyant": "B 180 BlueEfficiency Style",
    "model_yili": "2014",
    "kilometre": "65.000",
    "yakit_turu": "Benzin",
    "vites_tipi": "Yarı Otomatik Vites",
    "motor_hacmi": "1301-1600 cc",
    "motor_gucu": "Bilmiyorum",
    "kimden": "Galeriden"
  },
  {
    "baslik": "AKMAN DAN 2012 MERCEDES-BENZ B180 SPORT Mercedes - Benz B Serisi B 180 BlueEfficiency Sport",
    "fiyat": "198.000 TL",
    "adres": "Ankara / Akyurt",
    "ilan_no": "#4094086",
    "ilan_tarihi": "21/03/2021",
    "marka": "Mercedes",
    "model": "B Serisi",
    "varyant": "B 180 BlueEfficiency Sport",
    "model_yili": "2012",
    "kilometre": "204.000",
    "yakit_turu": "Benzin",
    "vites_tipi": "Otomatik Vites",
    "motor_hacmi": "1301-1600 cc",
    "motor_gucu": "Bilmiyorum",
    "kimden": "Galeriden"
  },
  {
    "baslik": "2015 B180 1.6 122HP URBAN CAM TAVAN 74.000KM Mercedes - Benz B Serisi B 180 BlueEfficiency Urban",
    "fiyat": "253.500 TL",
    "adres": "",
    "ilan_no": "#4769259",
    "ilan_tarihi": "21/03/2021",
    "marka": "Mercedes",
    "model": "B Serisi",
    "varyant": "B 180 BlueEfficiency Urban",
    "model_yili": "2015",
    "kilometre": "74.000",
    "yakit_turu": "Benzin",
    "vites_tipi": "Yarı Otomatik Vites",
    "motor_hacmi": "1301-1600 cc",
    "motor_gucu": "Bilmiyorum",
    "kimden": "Galeriden"
  },
  {
    "baslik": "DS CAR DAN 2014 MODEL MERCEDES B-180 AİLE ARABASI ÇOK TEMİZ Mercedes - Benz B Serisi B 180 BlueEfficiency Sport",
    "fiyat": "256.750 TL",
    "adres": "İstanbul / Bağcılar / Bağcılar",
    "ilan_no": "#4767718",
    "ilan_tarihi": "21/03/2021",
    "marka": "Mercedes",
    "model": "B Serisi",
    "varyant": "B 180 BlueEfficiency Sport",
    "model_yili": "2014",
    "kilometre": "115.000",
    "yakit_turu": "Benzin",
    "vites_tipi": "Yarı Otomatik Vites",
    "motor_hacmi": "1301-1600 cc",
    "motor_gucu": "Bilmiyorum",
    "kimden": "Galeriden"
  },
  {
    "baslik": "AYYILDIZ AUTO B180 MERCEDES BOYASIZ HATASIZ KM 65 BİN Mercedes - Benz B Serisi B 180 BlueEfficiency Sport",
    "fiyat": "268.000 TL",
    "adres": "Gaziantep / Şehitkamil / Merkez",
    "ilan_no": "#1465485",
    "ilan_tarihi": "21/03/2021",
    "marka": "Mercedes",
    "model": "B Serisi",
    "varyant": "B 180 BlueEfficiency Sport",
    "model_yili": "2012",
    "kilometre": "65.000",
    "yakit_turu": "Benzin",
    "vites_tipi": "Otomatik Vites",
    "motor_hacmi": "1301-1600 cc",
    "motor_gucu": "Bilmiyorum",
    "kimden": "Galeriden"
  },
  {
    "baslik": "GÖKBAY Auto dan 2010 B160 Sport otomatik 165bin km de ORJİNAL Mercedes - Benz B Serisi B 160 Sport",
    "fiyat": "149.950 TL",
    "adres": "İstanbul / Esenler / Esenler",
    "ilan_no": "#3124696",
    "ilan_tarihi": "21/03/2021",
    "marka": "Mercedes",
    "model": "B Serisi",
    "varyant": "B 160 Sport",
    "model_yili": "2010",
    "kilometre": "165.000",
    "yakit_turu": "Benzin",
    "vites_tipi": "Yarı Otomatik Vites",
    "motor_hacmi": "1301-1600 cc",
    "motor_gucu": "Bilmiyorum",
    "kimden": "Galeriden"
  },
  {
    "baslik": "İLKELDEN YETKİLİ SERVİSBAKIMLI SON BAKIMLARI YAPILMIŞ TERTEMİZ Mercedes - Benz B Serisi B 180 CDI BlueEfficiency Style",
    "fiyat": "218.950 TL",
    "adres": "İstanbul / Maltepe / Merkez",
    "ilan_no": "#990015",
    "ilan_tarihi": "21/03/2021",
    "marka": "Mercedes",
    "model": "B Serisi",
    "varyant": "B 180 CDI BlueEfficiency Style",
    "model_yili": "2016",
    "kilometre": "190.000",
    "yakit_turu": "Dizel",
    "vites_tipi": "Yarı Otomatik Vites",
    "motor_hacmi": "1301-1600 cc",
    "motor_gucu": "Bilmiyorum",
    "kimden": "Galeriden"
  },
  {
    "baslik": "ATASOY MOTORS DAN 2009 MERCEDES B150 HATASIZ Mercedes - Benz B Serisi B 150 Special Edition",
    "fiyat": "155.250 TL",
    "adres": "Ankara / Akyurt / Akyurt",
    "ilan_no": "#4409945",
    "ilan_tarihi": "21/03/2021",
    "marka": "Mercedes",
    "model": "B Serisi",
    "varyant": "B 150 Special Edition",
    "model_yili": "2009",
    "kilometre": "165.000",
    "yakit_turu": "Benzin/LPG",
    "vites_tipi": "Yarı Otomatik Vites",
    "motor_hacmi": "1301-1600 cc",
    "motor_gucu": "Bilmiyorum",
    "kimden": "Galeriden"
  },
  {
    "baslik": "ÇETİNERLER OTO DAN B 180 CDI STYLE OTOMATİK 64.000 KM Mercedes - Benz B Serisi B 180 CDI BlueEfficiency Style",
    "fiyat": "257.500 TL",
    "adres": "İstanbul / Sancaktepe / Eyüpsultan",
    "ilan_no": "#3730637",
    "ilan_tarihi": "21/03/2021",
    "marka": "Mercedes",
    "model": "B Serisi",
    "varyant": "B 180 CDI BlueEfficiency Style",
    "model_yili": "2017",
    "kilometre": "64.000",
    "yakit_turu": "Dizel",
    "vites_tipi": "Yarı Otomatik Vites",
    "motor_hacmi": "1301-1600 cc",
    "motor_gucu": "Bilmiyorum",
    "kimden": "Galeriden"
  },
  {
    "baslik": "EROĞLU 2013 MERCEDES B180 ELİTE BOYASIZ TRAMERSİZ CAMTAVAN DERİ Mercedes - Benz B Serisi B 180 BlueEfficiency Elite",
    "fiyat": "222.000 TL",
    "adres": "Adana / Seyhan / Yeşiloba",
    "ilan_no": "#4471026",
    "ilan_tarihi": "21/03/2021",
    "marka": "Mercedes",
    "model": "B Serisi",
    "varyant": "B 180 BlueEfficiency Elite",
    "model_yili": "2013",
    "kilometre": "110.000",
    "yakit_turu": "Benzin",
    "vites_tipi": "Yarı Otomatik Vites",
    "motor_hacmi": "1301-1600 cc",
    "motor_gucu": "Bilmiyorum",
    "kimden": "Galeriden"
  },
  {
    "baslik": "2006 SADECE 93 BİNDE MERCEDES B150 OTOMATİK KAZASIZ. Mercedes - Benz B Serisi B 150 Special Edition",
    "fiyat": "141.500 TL",
    "adres": "Ankara / Keçiören / Merkez",
    "ilan_no": "#1438932",
    "ilan_tarihi": "24/01/2021",
    "marka": "Mercedes",
    "model": "B Serisi",
    "varyant": "B 150 Special Edition",
    "model_yili": "2006",
    "kilometre": "93.000",
    "yakit_turu": "Benzin",
    "vites_tipi": "Yarı Otomatik Vites",
    "motor_hacmi": "1301-1600 cc",
    "motor_gucu": "Bilmiyorum",
    "kimden": "Galeriden"
  },
  {
    "baslik": "ROCCO MOTORS 2015 MAKYAJLI B 180 CDİ HATASIZ BOYASIZ CAM TAVAN Mercedes - Benz B Serisi B 180 CDI BlueEfficiency Urban",
    "fiyat": "284.000 TL",
    "adres": "Ankara / Akyurt / Köyler",
    "ilan_no": "#921187",
    "ilan_tarihi": "24/01/2021",
    "marka": "Mercedes",
    "model": "B Serisi",
    "varyant": "B 180 CDI BlueEfficiency Urban",
    "model_yili": "2015",
    "kilometre": "90.000",
    "yakit_turu": "Dizel",
    "vites_tipi": "Yarı Otomatik Vites",
    "motor_hacmi": "1301-1600 cc",
    "motor_gucu": "Bilmiyorum",
    "kimden": "Galeriden"
  },
  {
    "baslik": "ORİJİNAL 44.600 KM - CAM TAVAN - OTOMATİK VİTES - SORUNSUZ B150 Mercedes - Benz B Serisi B 150 Special Edition",
    "fiyat": "159.900 TL",
    "adres": "İstanbul / Ümraniye / Merkez",
    "ilan_no": "#1638516",
    "ilan_tarihi": "24/01/2021",
    "marka": "Mercedes",
    "model": "B Serisi",
    "varyant": "B 150 Special Edition",
    "model_yili": "2009",
    "kilometre": "44.600",
    "yakit_turu": "Benzin",
    "vites_tipi": "Yarı Otomatik Vites",
    "motor_hacmi": "1301-1600 cc",
    "motor_gucu": "Bilmiyorum",
    "kimden": "Galeriden"
  },
  {
    "baslik": "Mega Otomotiv. 2014 Mercedes B 180 URBAN CAM TAVAN 0.99 KREDİ Mercedes - Benz B Serisi B 180 BlueEfficiency Urban",
    "fiyat": "271.750 TL",
    "adres": "Mersin",
    "ilan_no": "#583973",
    "ilan_tarihi": "24/01/2021",
    "marka": "Mercedes",
    "model": "B Serisi",
    "varyant": "B 180 BlueEfficiency Urban",
    "model_yili": "2014",
    "kilometre": "49.000",
    "yakit_turu": "Benzin",
    "vites_tipi": "Yarı Otomatik Vites",
    "motor_hacmi": "1301-1600 cc",
    "motor_gucu": "Bilmiyorum",
    "kimden": "Galeriden"
  },
  {
    "baslik": "Hatasız boyasız 85000 kmde Mercedes - Benz B Serisi B 180 BlueEfficiency Prime",
    "fiyat": "188.900 TL",
    "adres": "Erzurum / Yakutiye / Yakutiye",
    "ilan_no": "#1033786",
    "ilan_tarihi": "24/01/2021",
    "marka": "Mercedes",
    "model": "B Serisi",
    "varyant": "B 180 BlueEfficiency Prime",
    "model_yili": "2012",
    "kilometre": "85.000",
    "yakit_turu": "Benzin",
    "vites_tipi": "Düz Vites",
    "motor_hacmi": "1301-1600 cc",
    "motor_gucu": "Bilmiyorum",
    "kimden": "Galeriden"
  },
  {
    "baslik": "2007 MERCEDES B 150 BOYUT TAM OTOMATİK VİTES 139.000 KM Mercedes - Benz B Serisi B 150 Boyut",
    "fiyat": "126.750 TL",
    "adres": "İstanbul / Bağcılar / Bağcılar",
    "ilan_no": "#1344350",
    "ilan_tarihi": "24/01/2021",
    "marka": "Mercedes",
    "model": "B Serisi",
    "varyant": "B 150 Boyut",
    "model_yili": "2007",
    "kilometre": "139.000",
    "yakit_turu": "Benzin/LPG",
    "vites_tipi": "Otomatik Vites",
    "motor_hacmi": "1301-1600 cc",
    "motor_gucu": "Bilmiyorum",
    "kimden": "Galeriden"
  },
  {
    "baslik": "BARIŞ AUTO GÜVENCESİYLE MERCEDES-BENZ B 150 Mercedes - Benz B Serisi B 150 Special Edition",
    "fiyat": "135.000 TL",
    "adres": "Diyarbakır / Yenişehir / Merkez",
    "ilan_no": "#3566746",
    "ilan_tarihi": "05/02/2021",
    "marka": "Mercedes",
    "model": "B Serisi",
    "varyant": "B 150 Special Edition",
    "model_yili": "2007",
    "kilometre": "196.000",
    "yakit_turu": "Benzin",
    "vites_tipi": "Yarı Otomatik Vites",
    "motor_hacmi": "1301-1600 cc",
    "motor_gucu": "Bilmiyorum",
    "kimden": "Galeriden"
  },
  {
    "baslik": "BATUHAN DAN 2015 B 180 BLUE EFFICIENCY ELİTE 7G-DCT Mercedes - Benz B Serisi B 180 BlueEfficiency Elite",
    "fiyat": "276.500 TL",
    "adres": "İstanbul / Sancaktepe / Eyüpsultan",
    "ilan_no": "#3730340",
    "ilan_tarihi": "26/01/2021",
    "marka": "Mercedes",
    "model": "B Serisi",
    "varyant": "B 180 BlueEfficiency Elite",
    "model_yili": "2015",
    "kilometre": "57.500",
    "yakit_turu": "Benzin",
    "vites_tipi": "Yarı Otomatik Vites",
    "motor_hacmi": "1301-1600 cc",
    "motor_gucu": "Bilmiyorum",
    "kimden": "Galeriden"
  },
  {
    "baslik": "KIRCA OTOMOTİV 2008 MODEL MERCEDES B150 OTOMATİK VİTES Mercedes - Benz B Serisi B 150 150",
    "fiyat": "114.500 TL",
    "adres": "İstanbul / Üsküdar / Merkez",
    "ilan_no": "#4332046",
    "ilan_tarihi": "05/02/2021",
    "marka": "Mercedes",
    "model": "B Serisi",
    "varyant": "B 150 150",
    "model_yili": "2008",
    "kilometre": "275.000",
    "yakit_turu": "Benzin/LPG",
    "vites_tipi": "Yarı Otomatik Vites",
    "motor_hacmi": "1301-1600 cc",
    "motor_gucu": "Bilmiyorum",
    "kimden": "Galeriden"
  },
  {
    "baslik": "2015 B180 1.6 122HP URBAN CAM TAVAN 74.000KM Mercedes - Benz B Serisi B 180 BlueEfficiency Urban",
    "fiyat": "253.500 TL",
    "adres": "",
    "ilan_no": "#4492778",
    "ilan_tarihi": "05/02/2021",
    "marka": "Mercedes",
    "model": "B Serisi",
    "varyant": "B 180 BlueEfficiency Urban",
    "model_yili": "2015",
    "kilometre": "74.000",
    "yakit_turu": "Benzin",
    "vites_tipi": "Yarı Otomatik Vites",
    "motor_hacmi": "1301-1600 cc",
    "motor_gucu": "Bilmiyorum",
    "kimden": "Galeriden"
  },
  {
    "baslik": "CEMautomotive-71.000 TL PEŞİNAT İLE-KREDİN HAZIR Mercedes - Benz B Serisi B 180 CDI BlueEfficiency Style",
    "fiyat": "236.500 TL",
    "adres": "Ankara / Çankaya / Balgat",
    "ilan_no": "#4367498",
    "ilan_tarihi": "05/02/2021",
    "marka": "Mercedes",
    "model": "B Serisi",
    "varyant": "B 180 CDI BlueEfficiency Style",
    "model_yili": "2014",
    "kilometre": "114.000",
    "yakit_turu": "Dizel",
    "vites_tipi": "Yarı Otomatik Vites",
    "motor_hacmi": "1301-1600 cc",
    "motor_gucu": "Bilmiyorum",
    "kimden": "Galeriden"
  },
  {
    "baslik": "GÖLOVADAN...MERCEDES B 180...PRİME...OTOMATİK 7 İLERİ..109 KM.. Mercedes - Benz B Serisi B 180 BlueEfficiency Prime",
    "fiyat": "205.000 TL",
    "adres": "İstanbul / Üsküdar / Libadiye",
    "ilan_no": "#4392913",
    "ilan_tarihi": "05/02/2021",
    "marka": "Mercedes",
    "model": "B Serisi",
    "varyant": "B 180 BlueEfficiency Prime",
    "model_yili": "2012",
    "kilometre": "109.757",
    "yakit_turu": "Benzin",
    "vites_tipi": "Yarı Otomatik Vites",
    "motor_hacmi": "1301-1600 cc",
    "motor_gucu": "Bilmiyorum",
    "kimden": "Galeriden"
  },
  {
    "baslik": "2011 MERCEDES B 160 SPORT OTM VİTES SERVİS BAKIMLI ORJİNAL Mercedes - Benz B Serisi B 160 Sport",
    "fiyat": "166.900 TL",
    "adres": "İstanbul / Bağcılar / Bağcılar",
    "ilan_no": "#4770216",
    "ilan_tarihi": "05/02/2021",
    "marka": "Mercedes",
    "model": "B Serisi",
    "varyant": "B 160 Sport",
    "model_yili": "2011",
    "kilometre": "90.000",
    "yakit_turu": "Benzin",
    "vites_tipi": "Yarı Otomatik Vites",
    "motor_hacmi": "1301-1600 cc",
    "motor_gucu": "Bilmiyorum",
    "kimden": "Galeriden"
  },
  {
    "baslik": "ASTANA MOTORS 2015 ÇIKIŞLI B 180 BlueEFFICIENCY Style 7G-DCT Mercedes - Benz B Serisi B 180 BlueEfficiency Style",
    "fiyat": "199.900 TL",
    "adres": "İstanbul / Esenyurt / Esenyurt",
    "ilan_no": "#2901319",
    "ilan_tarihi": "05/02/2021",
    "marka": "Mercedes",
    "model": "B Serisi",
    "varyant": "B 180 BlueEfficiency Style",
    "model_yili": "2014",
    "kilometre": "86.000",
    "yakit_turu": "Benzin",
    "vites_tipi": "Yarı Otomatik Vites",
    "motor_hacmi": "1301-1600 cc",
    "motor_gucu": "Bilmiyorum",
    "kimden": "Galeriden"
  },
  {
    "baslik": "GENÇ OTOMOTİV DİZEL OTOMATİK İLKELDEN YETKİLİ SERVİS BAKIMLI Mercedes - Benz B Serisi B 180 CDI BlueEfficiency Style",
    "fiyat": "219.950 TL",
    "adres": "İstanbul / Maltepe / Merkez",
    "ilan_no": "#2938339",
    "ilan_tarihi": "05/02/2021",
    "marka": "Mercedes",
    "model": "B Serisi",
    "varyant": "B 180 CDI BlueEfficiency Style",
    "model_yili": "2016",
    "kilometre": "190.000",
    "yakit_turu": "Dizel",
    "vites_tipi": "Yarı Otomatik Vites",
    "motor_hacmi": "1301-1600 cc",
    "motor_gucu": "Bilmiyorum",
    "kimden": "Galeriden"
  },
  {
    "baslik": "2012 HATASIZ BOYASIZ ELİTE PAKET OTOMATİK VİTES KREDİ İMKANI Mercedes - Benz B Serisi B 180 BlueEfficiency Elite",
    "fiyat": "208.000 TL",
    "adres": "İzmir / Konak / Alsancak",
    "ilan_no": "#984469",
    "ilan_tarihi": "05/02/2021",
    "marka": "Mercedes",
    "model": "B Serisi",
    "varyant": "B 180 BlueEfficiency Elite",
    "model_yili": "2012",
    "kilometre": "130.000",
    "yakit_turu": "Benzin",
    "vites_tipi": "Otomatik Vites",
    "motor_hacmi": "1300 cc ve altı",
    "motor_gucu": "Bilmiyorum",
    "kimden": "Galeriden"
  },
  {
    "baslik": "2013 MODEL MERCEDES B180 SPORT BEJ DERİ DÖŞEME Mercedes - Benz B Serisi B 180 BlueEfficiency Sport",
    "fiyat": "209.900 TL",
    "adres": "Bursa / Nilüfer / Merkez",
    "ilan_no": "#4742552",
    "ilan_tarihi": "08/02/2021",
    "marka": "Mercedes",
    "model": "B Serisi",
    "varyant": "B 180 BlueEfficiency Sport",
    "model_yili": "2013",
    "kilometre": "93.000",
    "yakit_turu": "Benzin",
    "vites_tipi": "Otomatik Vites",
    "motor_hacmi": "1301-1600 cc",
    "motor_gucu": "Bilmiyorum",
    "kimden": "Galeriden"
  },
  {
    "baslik": "2015 MODEL DEĞİŞENSİZ AMG TERTEMİZ B-180 CDİ Mercedes - Benz B Serisi B 180 CDI AMG",
    "fiyat": "264.900 TL",
    "adres": "İstanbul / Maltepe / Merkez",
    "ilan_no": "#684622",
    "ilan_tarihi": "05/02/2021",
    "marka": "Mercedes",
    "model": "B Serisi",
    "varyant": "B 180 CDI AMG",
    "model_yili": "2015",
    "kilometre": "165.000",
    "yakit_turu": "Dizel",
    "vites_tipi": "Yarı Otomatik Vites",
    "motor_hacmi": "1301-1600 cc",
    "motor_gucu": "Bilmiyorum",
    "kimden": "Galeriden"
  },
  {
    "baslik": "KUZENLER HONDA DAN 2014 MERCEDES B 180 SPORT CAM TAVANLI HATASIZ Mercedes - Benz B Serisi B 180 CDI BlueEfficiency Sport",
    "fiyat": "262.500 TL",
    "adres": "İstanbul / Kadıköy / Göztepe",
    "ilan_no": "#4577933",
    "ilan_tarihi": "15/02/2021",
    "marka": "Mercedes",
    "model": "B Serisi",
    "varyant": "B 180 CDI BlueEfficiency Sport",
    "model_yili": "2014",
    "kilometre": "131.000",
    "yakit_turu": "Dizel",
    "vites_tipi": "Yarı Otomatik Vites",
    "motor_hacmi": "1301-1600 cc",
    "motor_gucu": "Bilmiyorum",
    "kimden": "Galeriden"
  },
  {
    "baslik": "2012 Model 2. El Skoda Octavia 1.6 TDI Ambition Optimal - 101900 KM",
    "fiyat": "148.500 TL",
    "adres": "İstanbul / Beykoz / Kavacık",
    "ilan_no": "#1947574",
    "ilan_tarihi": "12/01/2021",
    "marka": "Skoda",
    "model": "Octavia",
    "varyant": "1.6 TDI Ambition Optimal",
    "model_yili": "2012",
    "kilometre": "101.900",
    "yakit_turu": "Dizel",
    "vites_tipi": "Düz Vites",
    "motor_hacmi": "1301-1600 cc",
    "motor_gucu": "101-125 BG",
    "kimden": "Araba.com'dan"
  },
  {
    "baslik": "2015 MERCEDES B180 CDİ-HATASIZ BOYASIZ-OTOMATİK-CAM TAVAN-76.000 Mercedes - Benz B Serisi B 180 CDI BlueEfficiency Style",
    "fiyat": "276.500 TL",
    "adres": "Ankara / Çankaya / Cebeci",
    "ilan_no": "#4482856",
    "ilan_tarihi": "21/03/2021",
    "marka": "Mercedes",
    "model": "B Serisi",
    "varyant": "B 180 CDI BlueEfficiency Style",
    "model_yili": "2015",
    "kilometre": "76.000",
    "yakit_turu": "Dizel",
    "vites_tipi": "Otomatik Vites",
    "motor_hacmi": "1300 cc ve altı",
    "motor_gucu": "Bilmiyorum",
    "kimden": "Galeriden"
  },
  {
    "baslik": "Mega Otomotiv. 2014 Mercedes B 180 URBAN CAM TAVAN 0.99 KREDİ Mercedes - Benz B Serisi B 180 BlueEfficiency Urban",
    "fiyat": "271.750 TL",
    "adres": "Mersin",
    "ilan_no": "#1858085",
    "ilan_tarihi": "21/03/2021",
    "marka": "Mercedes",
    "model": "B Serisi",
    "varyant": "B 180 BlueEfficiency Urban",
    "model_yili": "2014",
    "kilometre": "49.000",
    "yakit_turu": "Benzin",
    "vites_tipi": "Yarı Otomatik Vites",
    "motor_hacmi": "1301-1600 cc",
    "motor_gucu": "Bilmiyorum",
    "kimden": "Galeriden"
  },
  {
    "baslik": "SCLASS 2012 B180 7G-TRONIK SPOR PAKET CAM TAVAN Mercedes - Benz B Serisi B 180 BlueEfficiency Sport",
    "fiyat": "240.000 TL",
    "adres": "İstanbul / Kadıköy / Bostancı",
    "ilan_no": "#4250440",
    "ilan_tarihi": "21/03/2021",
    "marka": "Mercedes",
    "model": "B Serisi",
    "varyant": "B 180 BlueEfficiency Sport",
    "model_yili": "2012",
    "kilometre": "118.000",
    "yakit_turu": "Benzin",
    "vites_tipi": "Otomatik Vites",
    "motor_hacmi": "1301-1600 cc",
    "motor_gucu": "Bilmiyorum",
    "kimden": "Galeriden"
  }
]
