class_,variant_,km,engine_capacity_cc,fuel,gear,city,price_tl,age
0,0,41000,1,0,2,1,325950,6
0,0,102000,1,0,0,1,242000,5
0,12,0,1,0,2,1,440000,2
0,0,160000,1,0,2,0,239250,8
0,0,91000,1,0,2,1,303750,6
0,12,57000,0,0,2,0,278000,5
0,0,122000,1,1,2,1,289000,7
0,0,155000,1,0,2,1,254000,8
0,0,70000,1,0,2,0,228850,6
0,0,75000,0,1,2,0,233000,9
0,0,178000,1,1,2,1,104999,15
0,0,76000,1,0,2,1,306500,6
0,0,138000,1,0,2,0,262950,7
0,0,40000,0,1,2,0,227000,9
0,0,6000,1,0,2,0,452500,2
0,0,95000,1,0,2,0,269000,7
0,1,41000,1,1,2,0,335000,5
0,0,93000,1,0,0,1,257000,5
0,0,138000,1,0,2,0,299900,6
0,0,82000,1,0,2,1,299000,6
0,0,34000,1,1,2,1,326900,6
0,12,90000,1,1,2,1,439900,2
0,0,77000,1,0,2,0,278950,7
0,12,46000,0,0,0,1,307000,5
0,0,42000,1,0,2,1,287500,7
0,0,145000,1,0,2,1,220900,7
0,0,75000,1,1,2,1,258000,8
0,0,75000,1,0,2,1,255000,6
0,0,56000,1,0,2,1,309500,6
0,0,58000,1,1,2,0,197500,8
0,0,112000,1,1,2,1,258500,9
0,0,148000,1,1,2,1,232000,9
0,0,62000,1,0,2,0,268000,5
0,0,125000,1,0,2,0,254500,6
0,0,127000,0,1,2,0,209950,10
0,0,43000,1,0,2,1,299900,7
0,0,35000,1,0,2,1,329000,5
0,0,100000,1,0,2,0,489500,2
0,0,49000,1,1,2,1,292750,7
0,0,166000,1,1,2,0,242500,9
0,0,193000,0,1,0,0,204900,10
0,12,90000,1,0,2,0,409500,2
0,0,74000,1,1,2,0,219750,9
0,0,28000,1,0,2,0,417500,4
0,0,114000,1,0,1,1,207000,10
0,12,46000,0,0,0,1,302000,5
0,12,37000,1,0,2,0,369000,4
0,0,286000,1,1,1,1,79250,20
0,0,6000,1,0,2,0,459500,2
0,0,100000,1,0,2,1,293000,7
0,0,300000,1,1,1,1,62750,21
0,12,90000,1,1,2,1,439900,2
0,0,85000,1,0,2,0,383000,4
0,0,57000,1,0,2,0,279000,5
0,0,130000,0,1,2,0,229800,10
0,1,8000,1,1,2,0,515000,2
0,0,91000,1,0,2,1,257999,8
0,0,27000,1,1,2,0,417000,2
0,1,19000,1,1,2,0,489500,2
0,0,28000,1,0,2,0,320000,5
0,0,69000,1,1,1,0,232500,10
0,0,9000,1,0,2,0,509500,2
0,0,108000,1,0,2,0,418500,4
0,0,70000,1,0,2,0,259000,6
0,1,31000,1,1,2,1,430000,3
0,0,47000,1,0,2,0,259900,6
0,0,96000,0,1,2,0,241000,8
0,0,73000,1,0,2,1,319500,7
0,12,0,1,0,2,1,455000,2
0,12,90000,1,0,2,0,462500,2
0,0,74000,1,1,2,0,219750,9
0,0,33000,1,0,2,0,525900,2
0,0,28000,1,0,2,0,417500,4
0,1,108000,1,1,2,1,254000,10
0,0,104000,1,1,2,0,247500,7
0,0,1000,1,0,2,1,520000,2
0,12,46000,0,0,0,1,322000,5
0,0,98000,1,0,2,0,325000,5
0,0,210000,0,0,1,0,77000,23
0,0,58000,1,1,2,0,227750,8
0,0,5000,1,0,2,0,489950,2
0,0,9000,1,0,2,0,488950,2
0,12,36000,0,0,2,0,331000,5
0,0,119000,1,1,2,1,269000,8
0,0,124000,1,0,2,0,282000,6
0,0,49000,1,0,2,0,289000,6
0,12,0,1,0,2,1,460000,2
0,12,70000,0,0,2,0,276500,6
0,0,196000,1,0,2,0,219750,8
0,1,40000,1,1,2,1,322500,5
0,0,155000,1,1,2,0,91900,19
0,0,76000,1,0,2,0,296950,7
0,0,34000,1,0,2,0,389000,4
0,0,32000,1,0,2,1,435000,4
0,0,145000,1,0,2,1,235000,7
0,0,47000,1,0,2,0,269900,6
0,0,107000,1,1,2,0,237500,9
0,0,42000,1,0,2,1,298000,8
0,0,279000,2,0,1,1,64000,21
0,0,61000,1,0,2,0,237500,7
0,0,96000,1,1,2,0,246000,8
0,0,60000,1,0,2,0,303000,7
0,0,41000,1,0,2,0,416000,4
0,1,104000,1,1,2,0,274500,10
0,0,169000,0,1,2,0,225500,10
0,0,59000,1,0,1,1,205000,10
0,0,37000,1,0,2,0,308450,5
0,0,88000,1,0,2,1,385000,4
0,0,35000,1,0,2,0,314900,5
0,0,113000,1,0,1,1,207000,10
0,1,104000,1,1,2,0,270000,10
0,0,75000,1,0,2,1,206500,7
0,0,93000,1,1,1,1,125000,17
0,0,138000,1,0,2,1,285000,6
1,2,64000,1,1,2,0,231000,9
1,2,93000,1,1,2,1,137500,16
1,2,49000,1,1,2,1,271750,8
1,2,113000,0,1,0,0,229800,10
1,2,144000,1,1,0,1,136000,11
1,2,103000,1,0,2,1,252000,6
1,2,65000,1,1,2,0,239750,8
1,2,204000,1,1,0,1,198000,10
1,2,74000,1,1,2,0,253500,7
1,2,115000,1,1,2,0,256750,8
1,2,65000,1,1,0,1,268000,10
1,2,165000,1,1,2,0,149950,12
1,2,190000,1,0,2,0,218950,6
1,2,165000,1,1,2,1,155250,13
1,2,64000,1,0,2,0,257500,5
1,2,110000,1,1,2,1,222000,9
1,2,93000,1,1,2,1,141500,16
1,2,90000,1,0,2,1,284000,7
1,2,44000,1,1,2,0,159900,13
1,2,49000,1,1,2,1,271750,8
1,2,85000,1,1,1,1,188900,10
1,2,139000,1,1,0,0,126750,15
1,2,196000,1,1,2,1,135000,15
1,2,57000,1,1,2,0,276500,7
1,2,275000,1,1,2,0,114500,14
1,2,74000,1,1,2,0,253500,7
1,2,114000,1,0,2,1,236500,8
1,2,109000,1,1,2,0,205000,10
1,2,90000,1,1,2,0,166900,11
1,2,86000,1,1,2,0,199900,8
1,2,190000,1,0,2,0,219950,6
1,2,130000,0,1,0,1,208000,10
1,2,93000,1,1,0,1,209900,9
1,2,165000,1,0,2,0,264900,7
1,2,131000,1,0,2,0,262500,8
1,2,76000,0,0,0,1,276500,7
1,2,49000,1,1,2,1,271750,8
1,2,118000,1,1,0,0,240000,10
2,12,83000,1,0,0,1,389900,7
2,4,386000,0,1,0,1,62500,28
2,3,140000,1,1,2,0,396750,8
2,12,38000,1,0,0,0,479900,4
2,3,140000,1,1,0,0,370900,8
2,12,65000,1,0,0,0,379950,5
2,12,82000,1,0,0,0,413500,7
2,4,126000,2,1,0,0,220950,15
2,12,46000,1,0,0,1,457500,5
2,12,80000,1,0,0,0,399000,4
2,12,107000,1,0,0,1,425000,5
2,3,38000,1,1,0,0,558000,5
2,12,92000,1,0,0,0,385000,6
2,12,41000,1,1,0,1,537999,4
2,3,96000,1,1,2,1,229999,12
2,3,59000,1,1,2,0,407500,6
2,3,37000,1,1,0,0,442900,5
2,3,208000,1,1,0,1,219900,12
2,12,35000,1,0,0,0,418500,4
2,3,116000,1,1,0,1,354750,6
2,12,144000,1,1,2,0,295000,10
2,12,265000,4,0,0,1,210000,13
2,12,82000,1,0,0,0,435750,5
2,4,285000,0,1,0,1,129500,20
2,3,35000,1,1,0,0,439900,6
2,3,85000,1,1,0,0,308500,9
2,12,215000,1,0,0,1,303750,7
2,12,77000,1,0,0,0,398000,6
2,12,79000,1,0,0,0,392900,7
2,3,180000,1,1,2,1,240000,9
2,12,165000,1,0,0,1,395000,6
2,3,52000,1,1,0,0,364500,6
2,3,300000,1,1,2,0,149750,12
2,12,47000,1,0,0,0,399950,5
2,5,355000,4,0,0,0,179750,14
2,12,92000,1,0,0,1,499950,4
2,3,95000,1,1,0,1,236000,11
2,12,73000,1,0,0,1,353000,6
2,12,105000,1,0,0,1,457500,7
2,3,66000,1,1,0,0,469000,4
2,12,21000,1,0,0,0,495000,5
2,12,106000,1,0,0,1,445750,6
2,12,158000,0,1,0,1,131900,28
2,12,92000,1,0,0,1,429750,5
2,12,145000,1,1,0,0,272500,10
2,3,160000,1,1,0,0,285000,9
2,12,72000,1,0,0,1,432000,4
2,3,65000,1,1,2,0,504000,6
2,3,121000,0,1,1,1,207500,12
2,12,8000,1,0,0,0,595000,2
2,3,197000,2,1,2,1,167500,14
2,12,140000,1,0,0,1,387000,7
2,12,480000,3,0,1,1,65000,27
2,12,85000,1,0,0,0,359500,5
2,3,300000,2,1,0,0,115000,16
2,3,182000,1,1,0,1,239750,11
2,3,193000,1,1,0,1,169900,12
2,12,119000,1,0,0,1,383000,6
2,12,0,1,0,0,0,674500,2
2,12,260000,3,1,2,1,105000,21
2,12,99000,1,1,2,0,366000,6
2,3,135000,1,1,0,0,229000,11
2,12,119000,1,0,0,0,349900,5
2,3,355000,2,1,0,1,145000,16
2,3,163000,1,1,0,0,233900,11
2,3,110000,1,1,2,0,474000,6
2,12,350000,0,0,0,0,85000,26
2,12,118000,1,0,0,1,439750,6
2,3,130000,2,1,2,1,249900,11
2,12,74000,1,0,0,0,370000,6
2,12,98000,1,0,0,0,379000,7
2,12,26000,1,1,0,0,670000,4
2,12,71000,1,0,0,1,398000,5
2,12,67000,1,0,0,1,388000,5
2,3,140000,1,1,2,0,265000,10
2,12,197000,2,1,2,0,202000,11
2,3,142000,1,1,2,1,269000,10
2,12,310000,4,0,2,0,117950,22
2,3,97000,0,1,0,1,239750,12
2,3,48000,1,1,2,0,227900,11
2,12,96000,1,0,0,1,392500,7
2,12,67000,1,0,0,0,435950,5
2,3,135000,1,1,0,1,265000,11
2,12,128000,1,0,0,1,359750,6
2,12,18000,1,1,0,1,502500,4
2,12,46000,1,0,0,1,425000,4
2,12,95000,1,0,0,0,339950,5
2,12,81000,1,0,0,1,325000,6
2,3,79000,1,1,0,0,316950,9
2,3,410000,2,1,2,1,149000,14
2,12,112000,1,0,0,0,420000,6
2,3,210000,1,1,0,1,198500,12
2,3,24000,1,1,2,1,455900,6
2,12,85000,1,0,0,1,405000,7
2,3,123000,1,1,2,0,259500,9
2,4,366000,3,1,1,1,125000,22
2,12,313000,0,0,0,1,129500,21
2,12,41000,1,1,0,0,571500,4
2,12,136000,1,0,0,1,385000,7
2,12,67000,1,0,0,1,375000,8
2,12,52000,1,0,0,1,485000,4
2,12,57000,1,1,2,0,367500,6
2,3,117000,1,1,0,1,315000,9
2,12,257000,3,1,1,1,80000,21
2,12,176000,1,0,0,1,335000,5
2,12,22000,1,0,0,0,477500,4
2,12,17000,1,0,0,0,445000,6
2,3,36000,1,1,2,1,289000,12
2,3,57000,1,1,0,1,449500,5
2,4,230000,3,1,2,1,142000,22
2,3,198000,1,1,0,1,207000,13
2,3,202000,1,1,0,1,197500,11
2,3,115000,1,1,0,1,398500,8
2,4,279000,4,0,0,1,174999,19
2,12,293000,4,0,0,1,175000,19
2,12,95000,1,0,0,1,509400,5
2,3,178000,1,1,0,1,345900,8
2,12,220000,1,0,0,1,370000,7
2,3,133000,2,1,2,1,225000,11
2,12,112000,1,0,0,0,457500,5
2,12,97000,0,0,0,1,495000,5
2,12,25000,0,0,2,0,556950,4
2,12,175000,0,1,0,1,335000,8
2,12,190000,4,0,1,1,109000,25
2,3,188000,1,1,0,1,245000,11
2,3,72000,1,1,2,0,458000,6
2,3,32000,1,1,0,0,725000,6
2,3,54000,1,1,2,0,406950,8
2,12,114000,4,0,1,1,125000,27
2,3,116000,1,1,0,1,354750,6
2,3,30000,1,1,2,0,432900,6
2,12,22000,1,0,0,1,528000,4
2,1,43000,1,1,0,0,480000,5
2,2,95000,2,0,0,1,420000,7
2,6,125000,1,1,0,0,389900,8
2,3,22000,1,1,0,1,525000,6
2,12,88000,1,0,0,0,389750,5
2,12,108000,1,0,0,1,345000,5
2,3,113000,1,1,0,0,333900,7
2,12,98000,1,1,0,1,240000,11
2,12,170000,1,1,2,1,260000,10
2,4,121000,1,0,0,1,368000,7
2,1,43000,1,1,0,1,480000,5
2,3,144000,2,1,2,0,265000,11
2,3,42000,1,1,2,1,460000,6
2,12,355000,4,0,0,1,174750,14
2,3,202000,1,1,2,1,215650,11
2,3,230000,1,1,0,0,195900,12
2,3,202000,2,1,0,1,215000,11
2,3,95000,1,1,0,1,239000,11
2,12,34000,1,0,0,1,393000,5
2,12,21000,1,1,0,0,399750,5
2,12,62000,1,0,0,1,458000,6
2,12,234000,1,1,2,1,337000,8
2,3,75000,1,1,0,1,225000,12
2,12,330000,2,1,0,1,165000,15
2,3,230000,2,1,2,0,194500,11
2,12,285000,0,0,0,1,145000,19
2,12,14000,1,1,0,1,575000,2
2,12,78000,1,0,0,0,415000,5
2,3,169000,1,1,2,0,228000,11
2,3,118000,0,1,0,1,248000,10
2,12,85000,1,0,0,1,482000,5
2,12,37000,1,0,0,1,410000,5
2,3,130000,2,1,2,0,259900,11
2,12,96000,1,0,0,1,407500,7
2,12,94000,1,0,0,1,424900,6
2,12,108000,1,1,2,0,372500,7
2,3,118000,2,1,1,1,105000,28
2,3,289000,2,1,1,1,92000,24
2,12,87000,1,0,0,1,394750,5
2,3,192000,1,1,0,1,169000,12
2,12,107000,1,0,0,1,376900,5
2,12,106000,0,0,0,0,369850,6
2,5,225000,4,0,0,0,189750,13
2,3,176000,0,1,0,0,265750,10
2,12,39000,1,0,0,1,429000,4
2,12,85000,1,0,0,0,484000,4
2,12,75000,1,0,0,1,460000,5
2,12,40000,1,0,0,0,544500,4
2,3,32000,1,1,0,0,835000,5
2,12,40000,1,0,0,0,588500,4
2,12,47000,1,1,0,0,399500,5
2,12,300000,1,1,0,0,631500,2
2,12,267000,4,0,0,0,235000,11
2,4,200000,2,1,0,1,189000,13
2,3,205000,2,1,2,0,192000,11
2,3,134000,1,1,0,0,296900,10
2,12,19000,1,0,0,0,528000,4
2,3,55000,1,1,2,1,364750,8
2,12,23000,1,0,0,0,645000,2
2,12,466000,4,1,1,0,79800,27
2,12,56000,1,1,2,1,387500,6
2,12,85000,1,0,0,0,442000,5
2,3,65000,1,1,2,0,519000,6
2,3,193000,0,1,2,0,252000,10
2,12,207000,4,1,0,1,157500,17
2,3,109000,1,1,2,1,246000,10
2,3,112000,1,1,0,0,385500,8
2,3,57000,1,1,2,1,285000,11
2,3,133000,1,1,0,0,367500,7
2,3,99000,1,1,2,0,297750,10
2,12,112000,1,0,0,0,390900,6
2,12,180000,1,0,0,0,687500,2
2,0,93000,1,1,0,1,405500,8
2,3,48000,1,1,2,1,524000,6
2,12,172000,1,0,0,0,363900,7
2,4,250000,4,0,0,1,240000,14
2,12,135000,1,0,0,1,315000,7
2,12,67000,1,0,0,0,445950,5
2,3,197000,0,1,0,0,206500,12
2,12,140000,1,0,0,0,405000,7
2,3,93000,1,1,0,1,327000,8
2,12,85000,1,0,0,0,365500,5
2,12,45000,1,0,0,0,398500,6
2,3,114000,0,1,2,0,218000,10
2,3,445000,0,1,1,1,55000,28
2,4,297000,3,1,0,1,76750,24
2,12,80000,1,0,0,0,419000,5
2,12,136000,1,0,0,0,339950,7
2,3,228000,1,1,0,0,187000,12
2,3,296000,0,1,0,0,188000,13
2,5,355000,4,0,0,1,174500,14
2,12,80000,1,0,0,1,419000,4
2,12,55000,1,1,2,0,374750,6
2,12,252000,1,1,0,0,238000,10
2,3,279000,2,1,1,1,80000,28
2,12,249000,4,0,0,1,189000,14
2,12,120000,1,0,0,0,407500,7
2,12,91000,1,0,0,0,415000,5
2,12,43000,1,0,0,1,499000,5
2,3,114000,1,1,0,1,420000,8
2,4,338000,3,1,2,1,140000,21
2,12,142000,2,1,0,1,267500,11
2,12,130000,1,0,0,1,395000,7
2,3,24000,1,1,2,1,455900,6
2,12,88000,1,0,0,1,419000,6
2,3,203000,1,1,2,0,228000,11
2,12,130000,1,1,2,1,375500,7
2,3,160000,1,1,2,1,177900,12
2,3,116000,1,1,0,1,358750,6
2,3,160000,1,1,2,1,248750,10
2,5,208000,4,0,0,0,203000,16
2,12,227000,3,1,1,1,73500,26
2,12,405000,2,1,0,1,162000,17
2,12,177000,1,1,0,1,217000,10
2,4,2000,1,1,0,1,580000,4
2,3,160000,0,1,0,1,255000,10
2,2,134000,1,0,0,1,387000,7
2,3,252000,1,1,2,1,175000,11
2,3,75000,1,1,2,0,549950,6
2,3,105000,1,1,2,0,205000,11
2,12,65000,1,0,0,0,359000,6
2,12,80000,1,0,0,0,413500,6
2,3,55000,1,1,0,0,524000,5
2,3,45000,1,1,0,0,418000,7
2,12,92000,1,0,0,0,477000,4
2,12,104000,1,0,0,1,383000,6
2,4,270000,2,1,0,0,179850,14
2,12,13000,1,0,0,0,699000,2
2,12,93000,1,0,0,0,363900,7
2,3,66000,1,1,0,0,489000,4
2,12,200000,1,0,0,0,637000,2
2,12,93000,1,0,0,0,445000,6
2,12,175000,1,1,2,1,317500,10
2,5,290000,4,0,0,1,225000,13
2,3,60000,1,1,2,1,524000,6
2,12,60000,1,0,0,0,425000,6
2,3,93000,1,1,0,0,365000,7
2,12,138000,1,0,0,1,414000,6
2,12,42000,1,0,0,1,386900,5
2,12,171000,1,0,0,0,415000,7
2,3,149000,1,1,2,0,299999,10
2,12,362000,3,1,1,0,62000,28
2,12,102000,1,0,0,1,419000,6
2,3,88000,1,1,0,0,394750,8
2,12,112000,1,0,0,0,339900,6
2,12,99000,1,0,0,0,339900,6
2,3,221000,2,1,0,0,215000,11
2,12,39000,1,0,0,1,533000,6
2,12,162000,1,0,0,0,342900,6
2,3,119000,1,1,0,0,229750,11
2,3,245000,1,1,2,0,248000,10
2,3,54000,1,1,2,1,457000,6
2,12,29000,1,0,0,1,575000,4
2,12,57000,1,0,0,1,427000,6
2,3,90000,1,1,0,0,359900,6
2,12,65000,1,0,0,0,385950,5
2,12,70000,1,0,0,0,580000,7
2,3,149000,1,1,0,0,307500,9
2,3,102000,1,1,0,1,392000,6
2,3,166000,2,1,0,0,225000,11
2,12,44000,1,0,0,0,442000,6
2,12,55000,1,0,0,0,409900,6
2,12,68000,1,0,0,0,383900,7
2,12,53000,1,0,0,0,391900,7
2,3,67000,1,1,0,0,478000,4
2,3,109000,1,1,2,1,505900,6
2,12,39000,1,0,0,1,395000,5
2,12,26000,1,1,0,0,670000,4
2,12,74000,1,0,0,0,370000,6
2,3,399000,2,1,0,0,128500,16
2,12,196000,2,1,2,0,217500,11
2,3,62000,1,1,0,0,414900,6
2,12,40000,1,0,0,0,588500,4
2,12,300000,1,1,0,0,634000,2
2,3,55000,1,1,0,0,524000,5
2,12,46000,1,1,0,0,433500,5
2,3,175000,1,1,0,0,369900,8
2,3,120000,1,1,0,1,264750,10
2,3,53000,1,1,0,0,437000,5
2,12,35000,1,0,0,0,514500,4
2,3,123000,1,1,0,0,339950,8
2,12,143000,1,0,0,0,359950,6
2,3,50000,1,1,0,0,429500,6
2,3,204000,1,1,2,0,189500,13
2,12,22000,1,0,0,0,510000,4
2,3,145000,0,1,0,0,236500,11
2,12,22000,1,0,0,1,510000,4
2,12,44000,1,0,0,0,497500,5
2,5,355000,4,0,0,1,172750,14
2,12,181000,1,0,0,1,369900,7
2,12,205000,1,0,0,0,389000,6
2,12,189000,2,1,0,1,120000,19
2,0,50000,1,1,0,1,429000,6
2,12,85000,1,0,0,0,495000,4
2,7,295000,4,1,0,1,84000,24
2,3,40000,1,1,0,1,650000,4
2,12,164000,1,0,0,0,379500,6
2,12,106000,1,0,0,1,399500,6
2,12,113000,1,0,0,0,420900,5
2,12,132000,1,0,0,0,423500,5
2,12,91000,1,0,0,0,419900,5
2,12,38000,1,0,0,0,499900,4
2,3,38000,1,1,0,0,564000,5
2,3,32000,1,1,0,0,276500,11
2,3,105000,2,1,2,0,290000,11
2,12,5000,1,0,0,1,520000,2
2,12,107000,1,0,0,0,434000,5
2,3,65000,1,1,2,1,528000,6
2,12,68000,1,0,0,0,452000,6
2,12,78000,1,0,0,1,449750,5
2,3,30000,1,1,2,0,449900,6
2,12,42000,1,1,0,0,455900,4
2,12,340000,5,1,2,0,119900,21
2,4,203000,3,1,0,1,117000,25
2,3,197000,2,1,0,1,167500,14
2,4,132000,1,0,0,1,423500,5
2,3,119000,1,1,2,0,289900,9
2,12,38000,1,0,0,0,439900,6
2,2,12000,1,0,0,0,445000,6
2,12,106000,1,0,0,0,348750,5
2,4,338000,3,1,2,0,140000,21
2,12,175000,1,0,0,1,399000,6
2,12,127000,1,0,0,1,410000,6
2,3,85000,1,1,2,1,199750,12
2,3,140000,1,1,0,0,299000,9
2,12,152000,1,0,0,1,379750,7
2,3,98000,1,1,2,1,369000,8
2,12,283000,0,1,1,0,95000,24
2,12,195000,1,0,0,1,350500,7
2,12,45000,1,0,0,0,398500,6
2,3,146000,1,1,2,0,329000,6
2,3,121000,1,1,2,1,365000,8
2,12,79000,1,0,0,1,505000,4
2,12,69000,1,0,0,0,375000,5
2,12,120000,1,0,0,0,430000,6
2,3,445000,0,1,1,1,50000,28
2,3,168000,1,1,2,1,228000,11
2,12,175000,0,1,0,1,335000,8
2,3,121000,1,1,0,1,245000,12
2,12,238000,1,1,0,1,235000,12
2,0,116000,1,1,0,1,269000,10
2,4,232000,4,0,0,1,210000,13
2,2,124000,1,0,0,1,384000,7
2,12,92000,1,0,0,1,423500,6
2,12,89000,1,0,0,0,438500,6
2,3,24000,1,1,0,0,485000,5
2,12,135000,1,0,0,1,355000,7
2,4,236000,2,1,2,0,255000,10
2,12,130000,1,0,0,1,379000,6
2,3,325000,0,1,0,0,99000,27
2,12,95000,1,0,0,1,437500,6
2,12,159000,1,0,0,1,385000,7
2,12,48000,1,0,0,0,407000,6
2,12,130000,1,0,0,0,369900,7
2,3,79000,1,1,0,1,417750,6
2,12,56000,1,0,0,0,487000,5
2,12,92000,1,0,0,1,486000,4
2,3,103000,1,1,2,1,276900,9
2,3,194000,2,1,2,0,213900,11
2,12,72000,1,0,0,0,419000,5
2,12,35000,1,0,0,0,402000,5
2,4,339000,3,1,2,0,102500,22
2,3,140000,1,1,0,0,209750,12
2,3,75000,1,1,0,1,229000,12
2,3,221000,2,1,0,1,229750,11
2,3,38000,1,1,0,1,574000,5
2,12,298000,4,0,0,0,203500,14
2,12,58000,1,0,0,0,436500,6
2,3,109000,1,1,2,0,505000,6
2,3,203000,1,1,2,1,238000,11
2,12,115000,1,0,0,1,351500,6
2,12,51000,1,0,0,0,429000,5
2,12,87000,1,0,0,1,455000,6
2,3,113000,1,1,2,1,285950,10
2,4,372000,0,1,0,0,77500,28
2,12,80000,1,0,0,1,470000,6
2,12,147000,1,0,0,0,409000,7
2,12,45000,1,0,0,0,397500,6
2,5,272000,4,0,0,0,168000,14
2,3,99000,1,1,0,1,418500,6
2,12,152000,1,0,0,0,459000,6
2,3,60000,1,1,0,1,485000,4
2,12,260000,3,1,2,0,105000,21
2,12,112000,1,0,0,1,364000,6
2,12,140000,1,0,0,0,389000,5
2,12,19000,1,0,0,0,510000,4
2,12,65000,1,0,0,1,389950,5
2,12,138000,1,0,0,0,348900,6
2,3,99000,1,1,2,0,297750,10
2,3,37000,1,1,0,0,455900,5
2,12,22000,1,0,0,0,515000,4
2,3,148000,1,1,0,0,286500,9
2,12,130000,1,0,0,1,478000,5
2,12,126000,1,0,0,0,396500,6
2,12,177000,1,1,2,1,205000,10
2,4,144000,3,1,2,1,124500,22
2,4,87000,1,0,0,0,445000,6
2,3,200000,1,1,0,1,220000,12
2,5,355000,4,0,0,1,174900,14
2,12,100000,1,0,0,1,429500,6
2,12,40000,1,0,0,0,544500,4
2,3,32000,1,1,0,0,835000,5
2,12,69000,1,0,0,0,448500,5
2,12,17000,1,0,0,1,620000,4
2,12,124000,2,1,2,1,245000,11
2,12,45000,1,0,0,1,529900,4
2,3,234000,0,1,2,0,205000,12
2,3,190000,1,1,0,1,169000,12
2,4,293000,3,1,0,1,82900,24
2,12,79000,1,0,0,1,451500,5
2,12,46000,1,0,0,0,479500,5
2,3,102000,0,1,0,1,236000,10
2,3,189000,2,1,0,0,265000,11
2,12,100000,1,0,0,1,785000,2
2,12,40000,1,1,0,1,544999,4
2,12,63000,1,0,0,1,455000,4
2,12,95000,1,0,0,1,495000,5
2,3,178000,1,1,2,1,215900,12
2,12,63000,1,0,0,1,496000,5
2,3,98000,1,1,2,1,367500,8
2,5,134000,4,0,0,0,227750,13
2,12,135000,1,0,2,0,427000,6
2,12,107000,1,0,0,0,440000,5
2,1,144000,1,1,0,1,239000,10
2,3,52000,1,1,0,0,366900,6
2,3,52000,1,1,0,0,366900,6
2,12,85000,1,0,0,0,432000,5
2,12,130000,1,0,0,0,285019,7
2,12,38000,1,0,0,1,492900,4
2,12,25000,1,1,2,0,425000,7
2,12,59000,1,0,0,0,379950,6
2,3,20000,1,1,2,0,427500,6
2,4,474000,0,1,0,0,77500,27
2,12,331000,2,1,1,0,77900,25
2,5,346000,4,0,0,1,178000,14
2,2,229000,2,1,0,1,217000,11
2,12,128000,1,0,0,1,440000,7
2,1,280000,0,1,0,1,230000,12
2,3,105000,1,1,2,1,269750,10
2,3,129000,1,1,2,1,369750,6
2,12,109000,1,0,0,1,439900,4
2,12,150000,1,0,0,0,348500,7
2,12,317000,1,0,0,1,340000,7
2,12,102000,1,0,0,1,359900,5
2,12,90000,1,0,0,1,432000,6
2,12,91000,1,0,0,1,393500,6
2,12,93000,1,0,0,1,385000,6
2,12,58000,1,0,0,0,428500,6
2,12,129000,1,0,0,0,385000,6
2,3,118000,2,1,1,0,105000,28
2,5,210000,4,0,0,0,205000,13
2,3,360000,2,1,0,1,130500,18
2,3,89000,1,1,0,1,528000,5
2,3,230000,1,1,2,0,349000,8
2,12,350000,2,1,1,0,65000,26
2,3,218000,1,1,2,0,207000,12
2,12,49000,1,0,0,1,419900,5
2,3,55000,1,1,2,1,330000,9
2,3,110000,1,1,2,0,499900,6
2,3,133000,1,1,0,0,365000,7
2,3,69000,1,1,0,1,406500,6
3,6,24000,1,1,0,0,605000,4
3,8,82000,3,0,0,0,915000,5
3,7,391000,0,1,0,1,60000,32
3,8,199000,4,0,2,1,323000,11
3,12,138000,1,1,2,1,439900,6
3,8,53000,3,0,0,0,920000,5
3,12,0,0,0,0,1,1470000,2
3,8,167000,3,0,2,1,629900,6
3,7,101000,3,1,2,0,549000,6
3,6,56000,1,1,0,1,529000,8
3,7,219000,2,1,2,1,225000,18
3,7,287000,2,1,2,1,225000,18
3,10,104000,3,1,0,1,895000,5
3,9,184000,4,0,2,1,555000,7
3,6,33000,1,1,0,0,695000,4
3,8,237000,4,0,2,1,215000,17
3,9,99000,4,0,2,0,639750,7
3,6,47000,1,1,0,1,668000,4
3,11,46000,3,1,0,1,1225000,4
3,11,50000,3,1,0,0,1250000,4
3,6,37000,1,1,0,0,685000,4
3,8,266000,4,0,2,0,247500,15
3,8,398000,4,0,2,0,192000,18
3,6,85000,1,1,0,1,538750,5
3,8,43000,3,0,0,1,875000,4
3,7,350000,2,1,2,0,220000,17
3,7,498000,3,1,1,1,74500,28
3,9,368000,4,0,2,1,329000,11
3,9,220000,4,0,2,1,353500,12
3,9,550000,0,0,0,1,89000,29
3,7,205000,2,1,2,1,217900,16
3,6,51000,1,1,0,1,655000,4
3,7,230000,3,1,0,1,112000,26
3,7,293000,4,0,2,0,223500,16
3,8,350000,0,1,0,0,59000,33
3,6,99000,1,1,0,1,573000,5
3,6,95000,0,1,2,0,475000,6
3,11,169000,0,0,0,0,499900,11
3,6,131000,1,1,2,0,387500,8
3,6,102000,1,1,2,1,419500,8
3,6,205000,1,1,2,1,435000,7
3,6,94000,1,1,0,1,487000,7
3,9,143000,2,1,0,1,282500,12
3,8,50000,3,0,2,1,710000,6
3,9,181000,4,0,2,1,580000,7
3,6,209000,1,1,2,1,382000,9
3,9,97000,2,1,2,1,259900,10
3,9,82000,3,1,2,1,810000,7
3,7,375000,3,1,0,1,89750,26
3,6,56000,1,1,2,1,448000,6
3,6,103000,1,1,2,1,390000,7
3,9,249000,5,0,0,0,176500,20
3,9,145000,4,0,0,0,530000,8
3,9,94000,4,0,0,1,600000,7
3,10,277000,0,1,1,1,43500,37
3,6,43000,1,1,2,0,487500,7
3,9,154000,0,1,0,1,459900,9
3,10,358000,6,1,0,0,87500,26
3,8,410000,4,0,2,1,189000,15
3,6,25000,1,1,0,1,655000,5
3,9,177000,3,1,2,0,413000,8
3,7,425000,3,1,0,0,105000,25
3,6,79000,1,1,2,1,420000,7
3,7,376000,2,1,0,1,325000,14
3,8,54000,3,0,0,1,922750,5
3,6,137000,1,1,2,1,450000,7
3,7,300000,3,1,0,0,115000,24
3,9,221000,4,0,2,1,428900,10
3,6,105000,1,1,2,1,389900,8
3,7,55000,0,1,1,0,360000,12
3,8,321000,4,0,0,1,345000,10
3,7,307000,3,1,0,0,105000,26
3,7,291000,2,1,2,1,177000,17
3,7,329000,3,1,0,0,74500,25
3,8,0,3,0,0,0,1475000,1
3,8,184000,3,0,0,1,680000,5
3,7,76000,3,1,2,0,615000,6
3,9,257000,2,1,0,0,330000,11
3,6,75000,1,1,2,0,440000,9
3,7,501000,2,1,2,0,176900,18
3,8,400000,0,1,0,0,97000,26
3,7,256000,0,1,1,1,76900,26
3,7,363000,2,1,2,0,204750,18
3,7,250000,2,1,2,0,232000,16
3,6,90000,1,1,0,1,649750,4
3,7,165000,0,1,0,1,369000,10
3,8,53000,3,0,0,0,950000,5
3,9,239000,4,0,2,0,477000,10
3,8,109000,3,0,0,1,649000,5
3,7,205000,0,1,0,1,354500,12
3,10,312000,6,1,2,0,145000,21
3,12,91000,1,1,2,1,465000,7
3,9,127000,4,0,0,0,495000,9
3,9,42000,3,1,2,1,590000,7
3,8,40000,3,0,2,1,780000,6
3,8,270000,4,0,2,1,258000,13
3,7,41000,3,1,0,1,110000,25
3,6,55000,3,1,0,0,435000,7
3,9,189000,4,1,0,1,389000,9
3,10,13000,3,1,0,1,1135000,4
3,7,345000,3,1,1,1,105750,24
3,11,285000,5,0,2,0,500000,12
3,7,307000,2,1,2,1,188750,17
3,9,200000,4,0,2,1,499900,8
3,9,165000,3,1,0,1,435950,9
3,7,220000,3,1,1,0,98000,28
3,9,187000,0,1,0,0,315000,11
3,8,343000,0,0,0,1,86750,26
3,6,20000,1,1,0,1,647000,4
3,6,131000,1,1,0,1,498000,5
3,7,386000,3,1,2,0,137000,21
3,7,166000,2,1,0,0,298950,12
3,6,145000,1,1,2,1,405000,7
3,7,360000,2,1,2,0,185000,17
3,6,50000,1,1,0,0,559900,5
3,6,94000,1,1,0,1,592500,5
3,9,110000,4,0,0,1,509500,9
3,11,169000,0,0,0,0,495900,11
3,9,595000,0,0,1,0,62500,35
3,6,95000,1,1,2,1,450000,7
3,6,117000,1,1,2,1,379900,9
3,6,59000,1,1,0,1,650000,4
3,6,35000,1,1,0,1,612000,4
3,6,180000,1,1,2,1,386500,7
3,7,425000,3,1,0,0,84500,25
3,7,188000,0,1,0,0,325000,12
3,6,32000,1,1,0,1,708500,4
3,6,133000,1,1,2,1,419900,7
3,8,10000,3,0,0,0,1380000,2
3,7,184000,2,1,0,0,285000,12
3,6,97000,1,1,2,0,460000,8
3,9,113000,0,1,2,1,309950,11
3,7,165000,2,1,0,0,308950,12
3,8,230000,4,0,2,0,231750,14
3,6,107000,1,1,2,0,372750,8
3,7,291000,2,1,2,1,187019,17
3,6,110000,1,1,2,0,415000,7
3,8,64000,3,0,2,0,750000,6
3,9,187000,4,0,2,0,456000,9
3,6,137000,1,1,2,1,425000,7
3,9,272000,5,1,0,0,182500,20
3,6,44000,1,1,0,1,745000,4
3,8,140000,3,0,2,0,664500,6
3,7,298000,2,1,0,0,284000,12
3,7,361000,3,1,0,0,86500,24
3,7,358000,0,1,1,1,88000,28
3,8,84000,3,0,2,1,729000,6
3,6,117000,1,1,2,0,400000,8
3,6,59000,1,1,0,1,620000,4
3,8,81000,3,0,0,1,825000,5
3,6,22000,1,1,0,1,625000,4
3,8,66000,3,0,2,1,749000,6
3,6,232000,1,1,2,0,359000,9
3,6,48000,1,1,2,0,496000,7
3,10,1000,0,1,0,1,1455000,2
3,6,93000,0,1,2,0,449000,6
3,6,32000,1,1,0,1,760000,4
3,10,3000,3,1,0,0,1315000,4
3,9,157000,2,1,0,1,293500,11
3,10,2000,0,1,0,0,1450000,2
3,6,133000,1,1,2,0,460000,7
3,7,55000,0,1,2,0,370000,12
3,6,116000,1,1,0,1,595000,5
3,9,97000,4,0,2,0,599000,7
3,7,380000,3,1,0,0,92500,26
3,10,73000,3,1,0,0,970000,5
3,9,107000,3,1,2,1,530000,9
3,9,177000,3,1,2,0,413000,8
3,10,325000,6,1,0,1,185000,20
3,7,340000,2,1,2,1,198500,18
3,6,165000,1,1,2,1,314750,8
3,6,85000,1,1,2,1,480000,6
3,9,97000,3,1,2,1,535900,7
3,8,110000,3,0,2,1,645000,6
3,6,44000,1,1,2,0,515000,6
3,6,24000,1,1,0,0,589000,7
3,8,121000,3,0,2,1,719000,6
3,6,91000,1,1,0,1,563500,5
3,6,29000,1,1,0,0,714500,4
3,8,84000,4,0,2,0,469500,11
3,10,22400,0,1,0,0,1475000,2
3,6,160000,1,1,2,0,399000,9
3,6,125000,1,1,2,0,455000,7
3,9,132000,3,1,2,0,438000,9
3,7,322000,3,1,0,1,89000,24
3,6,45000,1,1,0,1,537000,7
3,6,30000,1,1,0,1,655000,4
3,6,55000,1,1,2,0,472000,7
3,9,167000,4,0,2,0,545000,7
3,6,72000,1,1,0,0,559000,5
3,6,43000,1,1,0,0,622500,5
3,7,198000,2,1,2,0,234000,17
3,6,68000,1,1,2,0,438000,6
3,9,123000,0,1,0,0,358000,11
3,6,10000,1,1,0,0,625000,5
3,7,359000,3,1,1,0,93500,24
3,7,360000,3,1,0,0,117,25
3,7,407000,3,1,0,1,73000,27
3,6,18000,1,1,0,1,805000,4
3,8,270000,4,0,1,1,98000,24
3,6,27000,1,1,0,0,699900,4
3,7,308000,3,1,0,1,145000,21
3,9,166000,3,1,0,1,345900,9
3,9,105000,3,1,2,1,499750,7
3,9,239000,4,0,0,0,325000,11
3,8,110000,3,0,2,0,659500,6
3,10,200000,6,0,2,1,134900,21
3,10,253000,6,1,0,1,225000,18
3,8,251000,0,0,0,1,117900,26
3,6,98000,1,1,2,0,387000,8
3,7,362000,3,1,2,1,158000,21
3,7,321000,3,1,1,0,79950,27
3,7,109000,3,1,2,1,819950,6
3,11,169000,0,0,0,1,499900,11
3,8,73000,3,0,0,1,875650,5
3,8,40000,3,0,0,1,910000,5
3,8,312000,4,0,2,0,225000,15
3,7,287000,2,1,2,0,230000,18
3,10,104000,3,1,0,1,895000,5
3,6,96000,1,1,2,1,474000,7
3,9,184000,4,0,2,0,555000,7
3,9,168000,2,1,0,1,318500,10
3,7,230000,2,1,2,1,217000,19
3,9,500000,0,0,1,1,48000,36
3,6,193000,1,1,2,1,366950,9
3,8,184000,3,0,0,0,715000,5
3,7,62000,3,1,2,0,613000,6
3,9,177000,4,0,0,0,429900,10
3,7,72000,3,1,2,1,689500,6
3,6,56000,1,1,0,1,685000,4
3,6,127000,1,1,0,1,619000,5
3,12,197000,0,0,0,1,94750,26
3,9,80000,3,1,2,1,504950,7
3,9,212000,0,0,0,0,335000,14
3,9,125000,4,0,2,0,705000,6
3,6,16000,1,1,0,1,686000,4
3,8,335000,4,0,2,1,230000,16
3,6,93000,1,1,2,0,405000,9
3,8,412000,4,0,2,1,189999,15
3,7,132000,0,1,2,1,352900,11
3,6,29000,1,1,0,0,714500,4
3,6,83000,1,1,0,0,553000,6
3,9,100000,4,0,2,0,597500,7
3,7,99000,3,1,2,1,599000,6
3,6,156000,1,1,2,1,389000,8
3,7,165000,2,1,0,1,318950,12
3,7,441000,3,1,1,1,92000,29
3,6,69000,1,1,0,0,625000,4
3,9,42000,3,1,2,1,590000,7
3,6,159000,1,1,2,0,406950,8
3,9,310000,5,0,0,1,195000,19
3,9,105000,4,0,0,0,585000,9
3,9,106000,3,1,2,1,479000,7
3,6,104000,1,1,0,1,459500,9
3,6,96000,1,1,2,1,493000,7
3,9,330000,0,0,2,1,196000,18
3,9,120000,4,0,2,1,539900,7
3,9,590000,0,0,1,1,62500,35
3,6,153000,1,1,0,0,470000,7
3,6,104000,1,1,0,1,625000,5
3,7,60000,2,1,2,1,240000,19
3,6,98000,1,1,0,0,535000,7
3,6,40000,1,1,0,0,609500,4
3,6,37000,1,1,0,1,698000,4
3,6,47000,1,1,0,0,688000,4
3,11,46000,3,1,0,0,1238000,4
3,8,83000,0,0,0,0,450000,11
3,10,3000,3,1,0,0,1315000,4
3,10,2000,0,1,0,0,1450000,2
3,10,32000,3,1,0,0,995000,5
3,6,10000,1,1,0,0,699000,5
3,9,98000,3,1,2,0,545000,6
3,6,127000,1,1,0,0,619500,5
3,8,0,3,0,0,0,1400000,2
3,8,0,3,0,0,1,1400000,2
3,9,149000,3,1,0,0,439000,9
3,8,19000,3,0,2,0,860000,6
3,9,230000,4,0,2,1,294000,11
3,7,340000,2,1,2,1,199500,18
3,7,85000,3,1,2,0,825950,6
3,6,44000,1,1,2,1,515000,6
3,6,24000,1,1,0,0,600000,7
3,6,102000,1,1,2,1,423000,8
3,8,398000,4,0,2,1,176500,19
3,10,25000,3,1,0,1,1070000,5
3,6,162000,1,1,2,1,382000,7
3,6,52000,1,1,0,1,672000,4
3,7,308000,3,1,0,1,95000,24
3,9,119000,2,1,2,0,408000,9
3,9,268000,4,0,2,1,335000,11
3,8,230000,4,0,2,1,349000,12
3,9,216000,4,0,2,1,397000,10
3,7,342000,2,1,2,1,207500,18
3,6,214000,1,1,2,1,389000,9
3,9,325000,5,0,2,1,249000,16
3,7,62000,3,1,2,1,735000,6
3,8,121000,3,0,2,0,719000,6
3,8,84000,4,0,2,0,469500,11
3,6,197000,1,1,2,0,395000,7
3,9,113000,0,1,2,0,324950,11
3,6,31000,1,1,0,0,655000,4
3,11,239000,5,0,0,0,349000,12
3,11,236000,5,0,0,0,365000,11
3,7,280000,0,1,2,1,335000,11
3,6,108000,1,1,2,0,434900,8
3,6,43000,1,1,0,1,655000,5
3,12,89000,1,1,2,1,479000,7
3,7,105000,3,1,2,0,674750,6
3,11,300000,5,0,0,1,365000,11
3,6,193000,1,1,2,1,349000,8
3,7,317000,2,1,0,1,191750,15
3,8,39000,3,0,0,0,890000,5
3,6,56000,1,1,0,0,689500,4
3,8,140000,3,0,2,1,745000,6
3,7,420000,3,1,0,1,86500,26
3,9,178000,4,0,2,0,580000,7
3,6,85000,1,1,2,1,480000,6
3,6,102000,1,1,2,0,429000,8
3,11,171000,5,0,2,1,292000,11
3,8,56000,3,0,2,1,715000,6
3,9,210000,4,0,2,1,410000,10
3,7,276000,3,1,0,1,137500,24
3,6,110000,1,1,0,1,405000,8
3,8,99000,3,0,2,0,645000,6
3,6,120000,1,1,0,1,575900,5
3,6,80000,1,1,0,1,735000,4
3,6,132000,1,1,2,0,445900,7
3,6,125000,1,1,2,1,473000,7
3,9,74000,3,1,2,0,525900,7
3,11,173000,5,0,2,1,399500,11
3,8,318000,0,1,0,0,192500,27
3,6,91000,1,1,0,0,563500,5
3,6,51000,1,1,2,0,489900,7
3,12,107000,1,1,2,0,443900,6
3,6,220000,1,1,2,0,356950,8
3,8,89000,3,0,2,0,745000,6
3,7,198000,0,1,2,0,278000,11
3,6,50000,1,1,0,0,574900,5
3,10,26000,3,1,0,0,995000,5
3,10,230000,6,1,0,1,82500,26
3,9,60000,0,1,0,1,478000,9
3,10,12000,0,1,0,1,1475000,2
3,7,62000,3,1,2,0,725000,6
3,8,15000,0,0,0,0,1105000,2
3,9,102000,0,1,0,0,425000,9
3,11,235000,5,0,2,0,400000,12
3,12,137000,1,1,2,0,439900,6
3,6,102000,1,1,2,0,417500,8
3,6,39000,1,1,0,1,825000,4
3,6,143000,1,1,2,1,382000,9
3,10,22400,0,1,0,1,1475000,2
3,11,173000,5,0,2,1,395000,11
3,9,98000,3,1,2,1,545000,6
3,7,272000,3,1,1,0,101000,26
3,7,266000,3,1,0,0,90000,25
3,7,157000,2,1,2,0,193000,19
3,8,270000,4,0,2,0,290000,13
3,6,138000,1,1,0,1,399900,8
3,9,168000,4,0,2,1,364750,10
3,6,31000,1,1,0,1,650000,4
3,7,420000,3,1,0,1,94000,26
3,7,235000,2,1,2,0,298000,12
3,9,107000,3,1,2,0,439000,7
3,11,238000,5,0,0,0,650000,8
3,6,93000,1,1,0,1,569950,5
3,10,278000,6,1,2,1,140000,21
3,9,93000,3,1,2,1,485000,8
3,7,340000,2,1,2,1,195900,18
3,7,400000,3,1,1,0,77000,29
3,6,12000,1,1,0,1,700000,4
3,9,152000,0,1,0,1,482500,7
3,7,237000,2,1,2,1,221500,16
3,8,446000,0,0,1,1,105000,25
3,9,127000,2,1,2,1,342500,10
3,6,34000,1,1,0,1,581900,4
3,9,150000,3,1,2,0,460000,7
3,9,302000,4,0,2,1,310000,12
3,6,80000,1,1,2,1,389000,9
3,9,150000,3,1,0,0,525000,7
